issue_date,target_report_date,update_id,checkpoint_id,iz_code,component,feature_name,shapley_value,predicted_rate,reconstructed_prediction,additivity_error,alpha_geo,alpha_transport,alpha_mobility,explanation_scope
2023-02-25,2023-03-04,U10,U10,S02001576,baseline,baseline,35.615941276151254,44.81049703558119,44.81049703558119,0.0,0.3181084990501404,0.32340142130851746,0.35849013924598694,target_iz_local
2023-02-25,2023-03-04,U10,U10,S02001576,main,income_deprivation,-0.9029298646109614,44.81049703558119,44.81049703558119,0.0,0.3181084990501404,0.32340142130851746,0.35849013924598694,target_iz_local
2023-02-25,2023-03-04,U10,U10,S02001576,main,employment_deprivation,-0.0547774178641269,44.81049703558119,44.81049703558119,0.0,0.3181084990501404,0.32340142130851746,0.35849013924598694,target_iz_local
2023-02-25,2023-03-04,U10,U10,S02001576,main,higher_education,-1.700416678474076,44.81049703558119,44.81049703558119,0.0,0.3181084990501404,0.32340142130851746,0.35849013924598694,target_iz_local
2023-02-25,2023-03-04,U10,U10,S02001576,main,overcrowding,-0.0566231273469499,44.81049703558119,44.81049703558119,0.0,0.3181084990501404,0.32340142130851746,0.35849013924598694,target_iz_local
2023-02-25,2023-03-04,U10,U10,S02001576,main,crime,0.0088448660714337,44.81049703558119,44.81049703558119,0.0,0.3181084990501404,0.32340142130851746,0.35849013924598694,target_iz_local
2023-02-25,2023-03-04,U10,U10,S02001576,main,public_transport_time_to_gp,9.075723470960384,44.81049703558119,44.81049703558119,0.0,0.3181084990501404,0.32340142130851746,0.35849013924598694,target_iz_local
2023-02-25,2023-03-04,U10,U10,S02001576,location,location,-2.8758125554947767,44.81049703558119,44.81049703558119,0.0,0.3181084990501404,0.32340142130851746,0.35849013924598694,target_iz_local
2023-02-25,2023-03-04,U10,U10,S02001576,location_interaction,location_x_income_deprivation,0.2814906687963793,44.81049703558119,44.81049703558119,0.0,0.3181084990501404,0.32340142130851746,0.35849013924598694,target_iz_local
2023-02-25,2023-03-04,U10,U10,S02001576,location_interaction,location_x_employment_deprivation,-0.0897051164081998,44.81049703558119,44.81049703558119,0.0,0.3181084990501404,0.32340142130851746,0.35849013924598694,target_iz_local
2023-02-25,2023-03-04,U10,U10,S02001576,location_interaction,location_x_higher_education,2.0767335187821336,44.81049703558119,44.81049703558119,0.0,0.3181084990501404,0.32340142130851746,0.35849013924598694,target_iz_local
2023-02-25,2023-03-04,U10,U10,S02001576,location_interaction,location_x_overcrowding,-1.6464131105513762,44.81049703558119,44.81049703558119,0.0,0.3181084990501404,0.32340142130851746,0.35849013924598694,target_iz_local
2023-02-25,2023-03-04,U10,U10,S02001576,location_interaction,location_x_crime,-0.200395201501397,44.81049703558119,44.81049703558119,0.0,0.3181084990501404,0.32340142130851746,0.35849013924598694,target_iz_local
2023-02-25,2023-03-04,U10,U10,S02001576,location_interaction,location_x_public_transport_time_to_gp,5.278836307071464,44.81049703558119,44.81049703558119,0.0,0.3181084990501404,0.32340142130851746,0.35849013924598694,target_iz_local
2023-02-25,2023-03-04,U10,U10,S02001577,baseline,baseline,27.43360440104922,24.238970917162504,24.238970917162504,3.552713678800501e-15,0.3181084990501404,0.32340142130851746,0.35849013924598694,target_iz_local
2023-02-25,2023-03-04,U10,U10,S02001577,main,income_deprivation,-1.1180279277619891,24.238970917162504,24.238970917162504,3.552713678800501e-15,0.3181084990501404,0.32340142130851746,0.35849013924598694,target_iz_local
2023-02-25,2023-03-04,U10,U10,S02001577,main,employment_deprivation,-0.7098169508434516,24.238970917162504,24.238970917162504,3.552713678800501e-15,0.3181084990501404,0.32340142130851746,0.35849013924598694,target_iz_local
2023-02-25,2023-03-04,U10,U10,S02001577,main,higher_education,0.1022890862964445,24.238970917162504,24.238970917162504,3.552713678800501e-15,0.3181084990501404,0.32340142130851746,0.35849013924598694,target_iz_local
2023-02-25,2023-03-04,U10,U10,S02001577,main,overcrowding,-0.1671522640046624,24.238970917162504,24.238970917162504,3.552713678800501e-15,0.3181084990501404,0.32340142130851746,0.35849013924598694,target_iz_local
2023-02-25,2023-03-04,U10,U10,S02001577,main,crime,-0.4207751455761127,24.238970917162504,24.238970917162504,3.552713678800501e-15,0.3181084990501404,0.32340142130851746,0.35849013924598694,target_iz_local
2023-02-25,2023-03-04,U10,U10,S02001577,main,public_transport_time_to_gp,1.0293690817696772,24.238970917162504,24.238970917162504,3.552713678800501e-15,0.3181084990501404,0.32340142130851746,0.35849013924598694,target_iz_local
2023-02-25,2023-03-04,U10,U10,S02001577,location,location,-2.1715023267836897,24.238970917162504,24.238970917162504,3.552713678800501e-15,0.3181084990501404,0.32340142130851746,0.35849013924598694,target_iz_local
2023-02-25,2023-03-04,U10,U10,S02001577,location_interaction,location_x_income_deprivation,-0.9330933934166274,24.238970917162504,24.238970917162504,3.552713678800501e-15,0.3181084990501404,0.32340142130851746,0.35849013924598694,target_iz_local
2023-02-25,2023-03-04,U10,U10,S02001577,location_interaction,location_x_employment_deprivation,-0.1099631990705154,24.238970917162504,24.238970917162504,3.552713678800501e-15,0.3181084990501404,0.32340142130851746,0.35849013924598694,target_iz_local
2023-02-25,2023-03-04,U10,U10,S02001577,location_interaction,location_x_higher_education,0.069479524521604,24.238970917162504,24.238970917162504,3.552713678800501e-15,0.3181084990501404,0.32340142130851746,0.35849013924598694,target_iz_local
2023-02-25,2023-03-04,U10,U10,S02001577,location_interaction,location_x_overcrowding,-1.151797728311446,24.238970917162504,24.238970917162504,3.552713678800501e-15,0.3181084990501404,0.32340142130851746,0.35849013924598694,target_iz_local
2023-02-25,2023-03-04,U10,U10,S02001577,location_interaction,location_x_crime,-0.4154165631248834,24.238970917162504,24.238970917162504,3.552713678800501e-15,0.3181084990501404,0.32340142130851746,0.35849013924598694,target_iz_local
2023-02-25,2023-03-04,U10,U10,S02001577,location_interaction,location_x_public_transport_time_to_gp,2.8017743224189338,24.238970917162504,24.238970917162504,3.552713678800501e-15,0.3181084990501404,0.32340142130851746,0.35849013924598694,target_iz_local
2023-02-25,2023-03-04,U10,U10,S02001578,baseline,baseline,39.09279456639399,35.68768659138789,35.68768659138789,0.0,0.3181084990501404,0.32340142130851746,0.35849013924598694,target_iz_local
2023-02-25,2023-03-04,U10,U10,S02001578,main,income_deprivation,-1.1207059519631557,35.68768659138789,35.68768659138789,0.0,0.3181084990501404,0.32340142130851746,0.35849013924598694,target_iz_local
2023-02-25,2023-03-04,U10,U10,S02001578,main,employment_deprivation,-0.111134701683404,35.68768659138789,35.68768659138789,0.0,0.3181084990501404,0.32340142130851746,0.35849013924598694,target_iz_local
2023-02-25,2023-03-04,U10,U10,S02001578,main,higher_education,-1.055146914436708,35.68768659138789,35.68768659138789,0.0,0.3181084990501404,0.32340142130851746,0.35849013924598694,target_iz_local
2023-02-25,2023-03-04,U10,U10,S02001578,main,overcrowding,-0.1347215947650726,35.68768659138789,35.68768659138789,0.0,0.3181084990501404,0.32340142130851746,0.35849013924598694,target_iz_local
2023-02-25,2023-03-04,U10,U10,S02001578,main,crime,0.0359572115398585,35.68768659138789,35.68768659138789,0.0,0.3181084990501404,0.32340142130851746,0.35849013924598694,target_iz_local
2023-02-25,2023-03-04,U10,U10,S02001578,main,public_transport_time_to_gp,0.7065599305289167,35.68768659138789,35.68768659138789,0.0,0.3181084990501404,0.32340142130851746,0.35849013924598694,target_iz_local
2023-02-25,2023-03-04,U10,U10,S02001578,location,location,-2.6954779465993344,35.68768659138789,35.68768659138789,0.0,0.3181084990501404,0.32340142130851746,0.35849013924598694,target_iz_local
2023-02-25,2023-03-04,U10,U10,S02001578,location_interaction,location_x_income_deprivation,0.2450650669279604,35.68768659138789,35.68768659138789,0.0,0.3181084990501404,0.32340142130851746,0.35849013924598694,target_iz_local
2023-02-25,2023-03-04,U10,U10,S02001578,location_interaction,location_x_employment_deprivation,-0.0374269826071635,35.68768659138789,35.68768659138789,0.0,0.3181084990501404,0.32340142130851746,0.35849013924598694,target_iz_local
2023-02-25,2023-03-04,U10,U10,S02001578,location_interaction,location_x_higher_education,0.2471569038572825,35.68768659138789,35.68768659138789,0.0,0.3181084990501404,0.32340142130851746,0.35849013924598694,target_iz_local
2023-02-25,2023-03-04,U10,U10,S02001578,location_interaction,location_x_overcrowding,-0.0348551931835331,35.68768659138789,35.68768659138789,0.0,0.3181084990501404,0.32340142130851746,0.35849013924598694,target_iz_local
2023-02-25,2023-03-04,U10,U10,S02001578,location_interaction,location_x_crime,-0.0968780699230354,35.68768659138789,35.68768659138789,0.0,0.3181084990501404,0.32340142130851746,0.35849013924598694,target_iz_local
2023-02-25,2023-03-04,U10,U10,S02001578,location_interaction,location_x_public_transport_time_to_gp,0.6465002673012852,35.68768659138789,35.68768659138789,0.0,0.3181084990501404,0.32340142130851746,0.35849013924598694,target_iz_local
2023-02-25,2023-03-04,U10,U10,S02001579,baseline,baseline,35.94719722112461,34.822942040765724,34.822942040765724,0.0,0.3181084990501404,0.32340142130851746,0.35849013924598694,target_iz_local
2023-02-25,2023-03-04,U10,U10,S02001579,main,income_deprivation,-1.223504234495622,34.822942040765724,34.822942040765724,0.0,0.3181084990501404,0.32340142130851746,0.35849013924598694,target_iz_local
2023-02-25,2023-03-04,U10,U10,S02001579,main,employment_deprivation,-0.2158990950811482,34.822942040765724,34.822942040765724,0.0,0.3181084990501404,0.32340142130851746,0.35849013924598694,target_iz_local
2023-02-25,2023-03-04,U10,U10,S02001579,main,higher_education,-0.796467249734064,34.822942040765724,34.822942040765724,0.0,0.3181084990501404,0.32340142130851746,0.35849013924598694,target_iz_local
2023-02-25,2023-03-04,U10,U10,S02001579,main,overcrowding,-0.3880897294907362,34.822942040765724,34.822942040765724,0.0,0.3181084990501404,0.32340142130851746,0.35849013924598694,target_iz_local
2023-02-25,2023-03-04,U10,U10,S02001579,main,crime,0.0630356062026262,34.822942040765724,34.822942040765724,0.0,0.3181084990501404,0.32340142130851746,0.35849013924598694,target_iz_local
2023-02-25,2023-03-04,U10,U10,S02001579,main,public_transport_time_to_gp,1.902483772096188,34.822942040765724,34.822942040765724,0.0,0.3181084990501404,0.32340142130851746,0.35849013924598694,target_iz_local
2023-02-25,2023-03-04,U10,U10,S02001579,location,location,-1.7695668629237653,34.822942040765724,34.822942040765724,0.0,0.3181084990501404,0.32340142130851746,0.35849013924598694,target_iz_local
2023-02-25,2023-03-04,U10,U10,S02001579,location_interaction,location_x_income_deprivation,-0.2452393531799249,34.822942040765724,34.822942040765724,0.0,0.3181084990501404,0.32340142130851746,0.35849013924598694,target_iz_local
2023-02-25,2023-03-04,U10,U10,S02001579,location_interaction,location_x_employment_deprivation,-0.0379599253336573,34.822942040765724,34.822942040765724,0.0,0.3181084990501404,0.32340142130851746,0.35849013924598694,target_iz_local
2023-02-25,2023-03-04,U10,U10,S02001579,location_interaction,location_x_higher_education,-0.1106883366902623,34.822942040765724,34.822942040765724,0.0,0.3181084990501404,0.32340142130851746,0.35849013924598694,target_iz_local
2023-02-25,2023-03-04,U10,U10,S02001579,location_interaction,location_x_overcrowding,-0.470941162109372,34.822942040765724,34.822942040765724,0.0,0.3181084990501404,0.32340142130851746,0.35849013924598694,target_iz_local
2023-02-25,2023-03-04,U10,U10,S02001579,location_interaction,location_x_crime,-0.1963413556416833,34.822942040765724,34.822942040765724,0.0,0.3181084990501404,0.32340142130851746,0.35849013924598694,target_iz_local
2023-02-25,2023-03-04,U10,U10,S02001579,location_interaction,location_x_public_transport_time_to_gp,2.364922746022534,34.822942040765724,34.822942040765724,0.0,0.3181084990501404,0.32340142130851746,0.35849013924598694,target_iz_local
2023-02-25,2023-03-04,U10,U10,S02001580,baseline,baseline,38.621043488677685,34.51842622488375,34.51842622488375,7.105427357601002e-15,0.3181084990501404,0.32340142130851746,0.35849013924598694,target_iz_local
2023-02-25,2023-03-04,U10,U10,S02001580,main,income_deprivation,-1.2171944572812066,34.51842622488375,34.51842622488375,7.105427357601002e-15,0.3181084990501404,0.32340142130851746,0.35849013924598694,target_iz_local
2023-02-25,2023-03-04,U10,U10,S02001580,main,employment_deprivation,-0.325098001389277,34.51842622488375,34.51842622488375,7.105427357601002e-15,0.3181084990501404,0.32340142130851746,0.35849013924598694,target_iz_local
2023-02-25,2023-03-04,U10,U10,S02001580,main,higher_education,-0.4232936177934929,34.51842622488375,34.51842622488375,7.105427357601002e-15,0.3181084990501404,0.32340142130851746,0.35849013924598694,target_iz_local
2023-02-25,2023-03-04,U10,U10,S02001580,main,overcrowding,-0.7449385597592305,34.51842622488375,34.51842622488375,7.105427357601002e-15,0.3181084990501404,0.32340142130851746,0.35849013924598694,target_iz_local
2023-02-25,2023-03-04,U10,U10,S02001580,main,crime,-0.0531406675066276,34.51842622488375,34.51842622488375,7.105427357601002e-15,0.3181084990501404,0.32340142130851746,0.35849013924598694,target_iz_local
2023-02-25,2023-03-04,U10,U10,S02001580,main,public_transport_time_to_gp,0.211768250238332,34.51842622488375,34.51842622488375,7.105427357601002e-15,0.3181084990501404,0.32340142130851746,0.35849013924598694,target_iz_local
2023-02-25,2023-03-04,U10,U10,S02001580,location,location,-3.507087789263056,34.51842622488375,34.51842622488375,7.105427357601002e-15,0.3181084990501404,0.32340142130851746,0.35849013924598694,target_iz_local
2023-02-25,2023-03-04,U10,U10,S02001580,location_interaction,location_x_income_deprivation,0.1520169984726737,34.51842622488375,34.51842622488375,7.105427357601002e-15,0.3181084990501404,0.32340142130851746,0.35849013924598694,target_iz_local
2023-02-25,2023-03-04,U10,U10,S02001580,location_interaction,location_x_employment_deprivation,0.0661387852260079,34.51842622488375,34.51842622488375,7.105427357601002e-15,0.3181084990501404,0.32340142130851746,0.35849013924598694,target_iz_local
2023-02-25,2023-03-04,U10,U10,S02001580,location_interaction,location_x_higher_education,1.8516632806687168,34.51842622488375,34.51842622488375,7.105427357601002e-15,0.3181084990501404,0.32340142130851746,0.35849013924598694,target_iz_local
2023-02-25,2023-03-04,U10,U10,S02001580,location_interaction,location_x_overcrowding,-0.3328762599400109,34.51842622488375,34.51842622488375,7.105427357601002e-15,0.3181084990501404,0.32340142130851746,0.35849013924598694,target_iz_local
2023-02-25,2023-03-04,U10,U10,S02001580,location_interaction,location_x_crime,0.0589288484482584,34.51842622488375,34.51842622488375,7.105427357601002e-15,0.3181084990501404,0.32340142130851746,0.35849013924598694,target_iz_local
2023-02-25,2023-03-04,U10,U10,S02001580,location_interaction,location_x_public_transport_time_to_gp,0.1604959260849682,34.51842622488375,34.51842622488375,7.105427357601002e-15,0.3181084990501404,0.32340142130851746,0.35849013924598694,target_iz_local
2023-02-25,2023-03-04,U10,U10,S02001581,baseline,baseline,37.70652991651804,34.31533366560251,34.31533366560251,0.0,0.3181084990501404,0.32340142130851746,0.35849013924598694,target_iz_local
2023-02-25,2023-03-04,U10,U10,S02001581,main,income_deprivation,-1.0532304536728685,34.31533366560251,34.31533366560251,0.0,0.3181084990501404,0.32340142130851746,0.35849013924598694,target_iz_local
2023-02-25,2023-03-04,U10,U10,S02001581,main,employment_deprivation,-0.5773180416652143,34.31533366560251,34.31533366560251,0.0,0.3181084990501404,0.32340142130851746,0.35849013924598694,target_iz_local
2023-02-25,2023-03-04,U10,U10,S02001581,main,higher_education,-0.0812173934209919,34.31533366560251,34.31533366560251,0.0,0.3181084990501404,0.32340142130851746,0.35849013924598694,target_iz_local
2023-02-25,2023-03-04,U10,U10,S02001581,main,overcrowding,-0.1033667655218203,34.31533366560251,34.31533366560251,0.0,0.3181084990501404,0.32340142130851746,0.35849013924598694,target_iz_local
2023-02-25,2023-03-04,U10,U10,S02001581,main,crime,-0.0196368308294384,34.31533366560251,34.31533366560251,0.0,0.3181084990501404,0.32340142130851746,0.35849013924598694,target_iz_local
2023-02-25,2023-03-04,U10,U10,S02001581,main,public_transport_time_to_gp,0.9409318515232676,34.31533366560251,34.31533366560251,0.0,0.3181084990501404,0.32340142130851746,0.35849013924598694,target_iz_local
2023-02-25,2023-03-04,U10,U10,S02001581,location,location,-3.040768696012964,34.31533366560251,34.31533366560251,0.0,0.3181084990501404,0.32340142130851746,0.35849013924598694,target_iz_local
2023-02-25,2023-03-04,U10,U10,S02001581,location_interaction,location_x_income_deprivation,-0.2914296150207449,34.31533366560251,34.31533366560251,0.0,0.3181084990501404,0.32340142130851746,0.35849013924598694,target_iz_local
2023-02-25,2023-03-04,U10,U10,S02001581,location_interaction,location_x_employment_deprivation,-0.0371810595194471,34.31533366560251,34.31533366560251,0.0,0.3181084990501404,0.32340142130851746,0.35849013924598694,target_iz_local
2023-02-25,2023-03-04,U10,U10,S02001581,location_interaction,location_x_higher_education,-0.001125717163082,34.31533366560251,34.31533366560251,0.0,0.3181084990501404,0.32340142130851746,0.35849013924598694,target_iz_local
2023-02-25,2023-03-04,U10,U10,S02001581,location_interaction,location_x_overcrowding,-0.217024612426757,34.31533366560251,34.31533366560251,0.0,0.3181084990501404,0.32340142130851746,0.35849013924598694,target_iz_local
2023-02-25,2023-03-04,U10,U10,S02001581,location_interaction,location_x_crime,-0.2372107505798314,34.31533366560251,34.31533366560251,0.0,0.3181084990501404,0.32340142130851746,0.35849013924598694,target_iz_local
2023-02-25,2023-03-04,U10,U10,S02001581,location_interaction,location_x_public_transport_time_to_gp,1.327381833394366,34.31533366560251,34.31533366560251,0.0,0.3181084990501404,0.32340142130851746,0.35849013924598694,target_iz_local
2023-02-25,2023-03-04,U10,U10,S02001582,baseline,baseline,45.053609210456685,54.50312932154068,54.50312932154068,7.105427357601002e-15,0.3181084990501404,0.32340142130851746,0.35849013924598694,target_iz_local
2023-02-25,2023-03-04,U10,U10,S02001582,main,income_deprivation,7.504076626187306,54.50312932154068,54.50312932154068,7.105427357601002e-15,0.3181084990501404,0.32340142130851746,0.35849013924598694,target_iz_local
2023-02-25,2023-03-04,U10,U10,S02001582,main,employment_deprivation,-0.965682806287502,54.50312932154068,54.50312932154068,7.105427357601002e-15,0.3181084990501404,0.32340142130851746,0.35849013924598694,target_iz_local
2023-02-25,2023-03-04,U10,U10,S02001582,main,higher_education,0.4719237509227909,54.50312932154068,54.50312932154068,7.105427357601002e-15,0.3181084990501404,0.32340142130851746,0.35849013924598694,target_iz_local
2023-02-25,2023-03-04,U10,U10,S02001582,main,overcrowding,0.4851121130443716,54.50312932154068,54.50312932154068,7.105427357601002e-15,0.3181084990501404,0.32340142130851746,0.35849013924598694,target_iz_local
2023-02-25,2023-03-04,U10,U10,S02001582,main,crime,0.771523589179627,54.50312932154068,54.50312932154068,7.105427357601002e-15,0.3181084990501404,0.32340142130851746,0.35849013924598694,target_iz_local
2023-02-25,2023-03-04,U10,U10,S02001582,main,public_transport_time_to_gp,-0.3820401963733516,54.50312932154068,54.50312932154068,7.105427357601002e-15,0.3181084990501404,0.32340142130851746,0.35849013924598694,target_iz_local
2023-02-25,2023-03-04,U10,U10,S02001582,location,location,-2.432506838298985,54.50312932154068,54.50312932154068,7.105427357601002e-15,0.3181084990501404,0.32340142130851746,0.35849013924598694,target_iz_local
2023-02-25,2023-03-04,U10,U10,S02001582,location_interaction,location_x_income_deprivation,4.228762458619592,54.50312932154068,54.50312932154068,7.105427357601002e-15,0.3181084990501404,0.32340142130851746,0.35849013924598694,target_iz_local
2023-02-25,2023-03-04,U10,U10,S02001582,location_interaction,location_x_employment_deprivation,0.107597818828775,54.50312932154068,54.50312932154068,7.105427357601002e-15,0.3181084990501404,0.32340142130851746,0.35849013924598694,target_iz_local
2023-02-25,2023-03-04,U10,U10,S02001582,location_interaction,location_x_higher_education,0.718205347515292,54.50312932154068,54.50312932154068,7.105427357601002e-15,0.3181084990501404,0.32340142130851746,0.35849013924598694,target_iz_local
2023-02-25,2023-03-04,U10,U10,S02001582,location_interaction,location_x_overcrowding,-0.565220047178717,54.50312932154068,54.50312932154068,7.105427357601002e-15,0.3181084990501404,0.32340142130851746,0.35849013924598694,target_iz_local
2023-02-25,2023-03-04,U10,U10,S02001582,location_interaction,location_x_crime,-0.0160340399969161,54.50312932154068,54.50312932154068,7.105427357601002e-15,0.3181084990501404,0.32340142130851746,0.35849013924598694,target_iz_local
2023-02-25,2023-03-04,U10,U10,S02001582,location_interaction,location_x_public_transport_time_to_gp,-0.4761976650782957,54.50312932154068,54.50312932154068,7.105427357601002e-15,0.3181084990501404,0.32340142130851746,0.35849013924598694,target_iz_local
2023-02-25,2023-03-04,U10,U10,S02001583,baseline,baseline,38.478465740182585,46.64435357282419,46.64435357282419,0.0,0.3181084990501404,0.32340142130851746,0.35849013924598694,target_iz_local
2023-02-25,2023-03-04,U10,U10,S02001583,main,income_deprivation,5.5597559701828905,46.64435357282419,46.64435357282419,0.0,0.3181084990501404,0.32340142130851746,0.35849013924598694,target_iz_local
2023-02-25,2023-03-04,U10,U10,S02001583,main,employment_deprivation,-0.8075270244053517,46.64435357282419,46.64435357282419,0.0,0.3181084990501404,0.32340142130851746,0.35849013924598694,target_iz_local
2023-02-25,2023-03-04,U10,U10,S02001583,main,higher_education,0.4165140878586471,46.64435357282419,46.64435357282419,0.0,0.3181084990501404,0.32340142130851746,0.35849013924598694,target_iz_local
2023-02-25,2023-03-04,U10,U10,S02001583,main,overcrowding,0.1949379693894115,46.64435357282419,46.64435357282419,0.0,0.3181084990501404,0.32340142130851746,0.35849013924598694,target_iz_local
2023-02-25,2023-03-04,U10,U10,S02001583,main,crime,0.499207887195408,46.64435357282419,46.64435357282419,0.0,0.3181084990501404,0.32340142130851746,0.35849013924598694,target_iz_local
2023-02-25,2023-03-04,U10,U10,S02001583,main,public_transport_time_to_gp,1.874709329150975,46.64435357282419,46.64435357282419,0.0,0.3181084990501404,0.32340142130851746,0.35849013924598694,target_iz_local
2023-02-25,2023-03-04,U10,U10,S02001583,location,location,0.0481711932591019,46.64435357282419,46.64435357282419,0.0,0.3181084990501404,0.32340142130851746,0.35849013924598694,target_iz_local
2023-02-25,2023-03-04,U10,U10,S02001583,location_interaction,location_x_income_deprivation,-1.3638247353690205,46.64435357282419,46.64435357282419,0.0,0.3181084990501404,0.32340142130851746,0.35849013924598694,target_iz_local
2023-02-25,2023-03-04,U10,U10,S02001583,location_interaction,location_x_employment_deprivation,0.8769581930978058,46.64435357282419,46.64435357282419,0.0,0.3181084990501404,0.32340142130851746,0.35849013924598694,target_iz_local
2023-02-25,2023-03-04,U10,U10,S02001583,location_interaction,location_x_higher_education,0.3603621619088389,46.64435357282419,46.64435357282419,0.0,0.3181084990501404,0.32340142130851746,0.35849013924598694,target_iz_local
2023-02-25,2023-03-04,U10,U10,S02001583,location_interaction,location_x_overcrowding,-0.1882334255036813,46.64435357282419,46.64435357282419,0.0,0.3181084990501404,0.32340142130851746,0.35849013924598694,target_iz_local
2023-02-25,2023-03-04,U10,U10,S02001583,location_interaction,location_x_crime,-0.148333440508165,46.64435357282419,46.64435357282419,0.0,0.3181084990501404,0.32340142130851746,0.35849013924598694,target_iz_local
2023-02-25,2023-03-04,U10,U10,S02001583,location_interaction,location_x_public_transport_time_to_gp,0.8431896663847406,46.64435357282419,46.64435357282419,0.0,0.3181084990501404,0.32340142130851746,0.35849013924598694,target_iz_local
2023-02-25,2023-03-04,U10,U10,S02001584,baseline,baseline,35.17272139344541,43.60178519044248,43.60178519044248,0.0,0.3181084990501404,0.32340142130851746,0.35849013924598694,target_iz_local
2023-02-25,2023-03-04,U10,U10,S02001584,main,income_deprivation,7.588625748952256,43.60178519044248,43.60178519044248,0.0,0.3181084990501404,0.32340142130851746,0.35849013924598694,target_iz_local
2023-02-25,2023-03-04,U10,U10,S02001584,main,employment_deprivation,-1.9908993403117028,43.60178519044248,43.60178519044248,0.0,0.3181084990501404,0.32340142130851746,0.35849013924598694,target_iz_local
2023-02-25,2023-03-04,U10,U10,S02001584,main,higher_education,0.856189123789465,43.60178519044248,43.60178519044248,0.0,0.3181084990501404,0.32340142130851746,0.35849013924598694,target_iz_local
2023-02-25,2023-03-04,U10,U10,S02001584,main,overcrowding,-0.22603422800701,43.60178519044248,43.60178519044248,0.0,0.3181084990501404,0.32340142130851746,0.35849013924598694,target_iz_local
2023-02-25,2023-03-04,U10,U10,S02001584,main,crime,4.59831997553509,43.60178519044248,43.60178519044248,0.0,0.3181084990501404,0.32340142130851746,0.35849013924598694,target_iz_local
2023-02-25,2023-03-04,U10,U10,S02001584,main,public_transport_time_to_gp,1.2828722318013492,43.60178519044248,43.60178519044248,0.0,0.3181084990501404,0.32340142130851746,0.35849013924598694,target_iz_local
2023-02-25,2023-03-04,U10,U10,S02001584,location,location,2.553504766736719,43.60178519044248,43.60178519044248,0.0,0.3181084990501404,0.32340142130851746,0.35849013924598694,target_iz_local
2023-02-25,2023-03-04,U10,U10,S02001584,location_interaction,location_x_income_deprivation,-2.742600125358247,43.60178519044248,43.60178519044248,0.0,0.3181084990501404,0.32340142130851746,0.35849013924598694,target_iz_local
2023-02-25,2023-03-04,U10,U10,S02001584,location_interaction,location_x_employment_deprivation,-2.1145493053254483,43.60178519044248,43.60178519044248,0.0,0.3181084990501404,0.32340142130851746,0.35849013924598694,target_iz_local
2023-02-25,2023-03-04,U10,U10,S02001584,location_interaction,location_x_higher_education,0.4998396214984748,43.60178519044248,43.60178519044248,0.0,0.3181084990501404,0.32340142130851746,0.35849013924598694,target_iz_local
2023-02-25,2023-03-04,U10,U10,S02001584,location_interaction,location_x_overcrowding,0.517439506167471,43.60178519044248,43.60178519044248,0.0,0.3181084990501404,0.32340142130851746,0.35849013924598694,target_iz_local
2023-02-25,2023-03-04,U10,U10,S02001584,location_interaction,location_x_crime,-2.606636462892822,43.60178519044248,43.60178519044248,0.0,0.3181084990501404,0.32340142130851746,0.35849013924598694,target_iz_local
2023-02-25,2023-03-04,U10,U10,S02001584,location_interaction,location_x_public_transport_time_to_gp,0.2129922844114752,43.60178519044248,43.60178519044248,0.0,0.3181084990501404,0.32340142130851746,0.35849013924598694,target_iz_local
2023-02-25,2023-03-04,U10,U10,S02001585,baseline,baseline,45.05019611053807,47.68793147735936,47.68793147735936,0.0,0.3181084990501404,0.32340142130851746,0.35849013924598694,target_iz_local
2023-02-25,2023-03-04,U10,U10,S02001585,main,income_deprivation,0.1666371754237579,47.68793147735936,47.68793147735936,0.0,0.3181084990501404,0.32340142130851746,0.35849013924598694,target_iz_local
2023-02-25,2023-03-04,U10,U10,S02001585,main,employment_deprivation,0.0778107416062127,47.68793147735936,47.68793147735936,0.0,0.3181084990501404,0.32340142130851746,0.35849013924598694,target_iz_local
2023-02-25,2023-03-04,U10,U10,S02001585,main,higher_education,0.1464398474920356,47.68793147735936,47.68793147735936,0.0,0.3181084990501404,0.32340142130851746,0.35849013924598694,target_iz_local
2023-02-25,2023-03-04,U10,U10,S02001585,main,overcrowding,-0.02430314109439,47.68793147735936,47.68793147735936,0.0,0.3181084990501404,0.32340142130851746,0.35849013924598694,target_iz_local
2023-02-25,2023-03-04,U10,U10,S02001585,main,crime,0.0405420076279416,47.68793147735936,47.68793147735936,0.0,0.3181084990501404,0.32340142130851746,0.35849013924598694,target_iz_local
2023-02-25,2023-03-04,U10,U10,S02001585,main,public_transport_time_to_gp,0.5930691174098449,47.68793147735936,47.68793147735936,0.0,0.3181084990501404,0.32340142130851746,0.35849013924598694,target_iz_local
2023-02-25,2023-03-04,U10,U10,S02001585,location,location,-1.012601321084163,47.68793147735936,47.68793147735936,0.0,0.3181084990501404,0.32340142130851746,0.35849013924598694,target_iz_local
2023-02-25,2023-03-04,U10,U10,S02001585,location_interaction,location_x_income_deprivation,0.2861756778898711,47.68793147735936,47.68793147735936,0.0,0.3181084990501404,0.32340142130851746,0.35849013924598694,target_iz_local
2023-02-25,2023-03-04,U10,U10,S02001585,location_interaction,location_x_employment_deprivation,0.0056600389026467,47.68793147735936,47.68793147735936,0.0,0.3181084990501404,0.32340142130851746,0.35849013924598694,target_iz_local
2023-02-25,2023-03-04,U10,U10,S02001585,location_interaction,location_x_higher_education,0.5320504006885369,47.68793147735936,47.68793147735936,0.0,0.3181084990501404,0.32340142130851746,0.35849013924598694,target_iz_local
2023-02-25,2023-03-04,U10,U10,S02001585,location_interaction,location_x_overcrowding,-0.0078635715302959,47.68793147735936,47.68793147735936,0.0,0.3181084990501404,0.32340142130851746,0.35849013924598694,target_iz_local
2023-02-25,2023-03-04,U10,U10,S02001585,location_interaction,location_x_crime,0.0558305876595636,47.68793147735936,47.68793147735936,0.0,0.3181084990501404,0.32340142130851746,0.35849013924598694,target_iz_local
2023-02-25,2023-03-04,U10,U10,S02001585,location_interaction,location_x_public_transport_time_to_gp,1.7782878058297265,47.68793147735936,47.68793147735936,0.0,0.3181084990501404,0.32340142130851746,0.35849013924598694,target_iz_local
2023-02-25,2023-03-04,U10,U10,S02001586,baseline,baseline,35.59270233821748,41.02431912135957,41.02431912135957,0.0,0.3181084990501404,0.32340142130851746,0.35849013924598694,target_iz_local
2023-02-25,2023-03-04,U10,U10,S02001586,main,income_deprivation,4.087695943741589,41.02431912135957,41.02431912135957,0.0,0.3181084990501404,0.32340142130851746,0.35849013924598694,target_iz_local
2023-02-25,2023-03-04,U10,U10,S02001586,main,employment_deprivation,-0.3624020621890145,41.02431912135957,41.02431912135957,0.0,0.3181084990501404,0.32340142130851746,0.35849013924598694,target_iz_local
2023-02-25,2023-03-04,U10,U10,S02001586,main,higher_education,0.142681149074006,41.02431912135957,41.02431912135957,0.0,0.3181084990501404,0.32340142130851746,0.35849013924598694,target_iz_local
2023-02-25,2023-03-04,U10,U10,S02001586,main,overcrowding,0.5210771833147319,41.02431912135957,41.02431912135957,0.0,0.3181084990501404,0.32340142130851746,0.35849013924598694,target_iz_local
2023-02-25,2023-03-04,U10,U10,S02001586,main,crime,0.5543621971493649,41.02431912135957,41.02431912135957,0.0,0.3181084990501404,0.32340142130851746,0.35849013924598694,target_iz_local
2023-02-25,2023-03-04,U10,U10,S02001586,main,public_transport_time_to_gp,0.189308225540883,41.02431912135957,41.02431912135957,0.0,0.3181084990501404,0.32340142130851746,0.35849013924598694,target_iz_local
2023-02-25,2023-03-04,U10,U10,S02001586,location,location,-0.9818062963939898,41.02431912135957,41.02431912135957,0.0,0.3181084990501404,0.32340142130851746,0.35849013924598694,target_iz_local
2023-02-25,2023-03-04,U10,U10,S02001586,location_interaction,location_x_income_deprivation,0.4922967774527239,41.02431912135957,41.02431912135957,0.0,0.3181084990501404,0.32340142130851746,0.35849013924598694,target_iz_local
2023-02-25,2023-03-04,U10,U10,S02001586,location_interaction,location_x_employment_deprivation,0.3110955737886005,41.02431912135957,41.02431912135957,0.0,0.3181084990501404,0.32340142130851746,0.35849013924598694,target_iz_local
2023-02-25,2023-03-04,U10,U10,S02001586,location_interaction,location_x_higher_education,0.5329543295360799,41.02431912135957,41.02431912135957,0.0,0.3181084990501404,0.32340142130851746,0.35849013924598694,target_iz_local
2023-02-25,2023-03-04,U10,U10,S02001586,location_interaction,location_x_overcrowding,-0.5351820764087483,41.02431912135957,41.02431912135957,0.0,0.3181084990501404,0.32340142130851746,0.35849013924598694,target_iz_local
2023-02-25,2023-03-04,U10,U10,S02001586,location_interaction,location_x_crime,-0.1792418298267144,41.02431912135957,41.02431912135957,0.0,0.3181084990501404,0.32340142130851746,0.35849013924598694,target_iz_local
2023-02-25,2023-03-04,U10,U10,S02001586,location_interaction,location_x_public_transport_time_to_gp,0.6587776683625781,41.02431912135957,41.02431912135957,0.0,0.3181084990501404,0.32340142130851746,0.35849013924598694,target_iz_local
2023-02-25,2023-03-04,U10,U10,S02001587,baseline,baseline,29.02472119488438,40.705504466673936,40.705504466673936,7.105427357601002e-15,0.3181084990501404,0.32340142130851746,0.35849013924598694,target_iz_local
2023-02-25,2023-03-04,U10,U10,S02001587,main,income_deprivation,5.457226998465413,40.705504466673936,40.705504466673936,7.105427357601002e-15,0.3181084990501404,0.32340142130851746,0.35849013924598694,target_iz_local
2023-02-25,2023-03-04,U10,U10,S02001587,main,employment_deprivation,0.5087022054763046,40.705504466673936,40.705504466673936,7.105427357601002e-15,0.3181084990501404,0.32340142130851746,0.35849013924598694,target_iz_local
2023-02-25,2023-03-04,U10,U10,S02001587,main,higher_education,0.7787091800144677,40.705504466673936,40.705504466673936,7.105427357601002e-15,0.3181084990501404,0.32340142130851746,0.35849013924598694,target_iz_local
2023-02-25,2023-03-04,U10,U10,S02001587,main,overcrowding,0.2552818843296504,40.705504466673936,40.705504466673936,7.105427357601002e-15,0.3181084990501404,0.32340142130851746,0.35849013924598694,target_iz_local
2023-02-25,2023-03-04,U10,U10,S02001587,main,crime,2.1064653623671785,40.705504466673936,40.705504466673936,7.105427357601002e-15,0.3181084990501404,0.32340142130851746,0.35849013924598694,target_iz_local
2023-02-25,2023-03-04,U10,U10,S02001587,main,public_transport_time_to_gp,1.654211512066078,40.705504466673936,40.705504466673936,7.105427357601002e-15,0.3181084990501404,0.32340142130851746,0.35849013924598694,target_iz_local
2023-02-25,2023-03-04,U10,U10,S02001587,location,location,-0.9576016017368876,40.705504466673936,40.705504466673936,7.105427357601002e-15,0.3181084990501404,0.32340142130851746,0.35849013924598694,target_iz_local
2023-02-25,2023-03-04,U10,U10,S02001587,location_interaction,location_x_income_deprivation,0.167571372077567,40.705504466673936,40.705504466673936,7.105427357601002e-15,0.3181084990501404,0.32340142130851746,0.35849013924598694,target_iz_local
2023-02-25,2023-03-04,U10,U10,S02001587,location_interaction,location_x_employment_deprivation,0.6309053920564224,40.705504466673936,40.705504466673936,7.105427357601002e-15,0.3181084990501404,0.32340142130851746,0.35849013924598694,target_iz_local
2023-02-25,2023-03-04,U10,U10,S02001587,location_interaction,location_x_higher_education,0.1080431166149406,40.705504466673936,40.705504466673936,7.105427357601002e-15,0.3181084990501404,0.32340142130851746,0.35849013924598694,target_iz_local
2023-02-25,2023-03-04,U10,U10,S02001587,location_interaction,location_x_overcrowding,0.0007688068208313,40.705504466673936,40.705504466673936,7.105427357601002e-15,0.3181084990501404,0.32340142130851746,0.35849013924598694,target_iz_local
2023-02-25,2023-03-04,U10,U10,S02001587,location_interaction,location_x_crime,-0.3178463436308353,40.705504466673936,40.705504466673936,7.105427357601002e-15,0.3181084990501404,0.32340142130851746,0.35849013924598694,target_iz_local
2023-02-25,2023-03-04,U10,U10,S02001587,location_interaction,location_x_public_transport_time_to_gp,1.2883453868684214,40.705504466673936,40.705504466673936,7.105427357601002e-15,0.3181084990501404,0.32340142130851746,0.35849013924598694,target_iz_local
2023-02-25,2023-03-04,U10,U10,S02001588,baseline,baseline,36.71638634299775,40.793079877848825,40.793079877848825,0.0,0.3181084990501404,0.32340142130851746,0.35849013924598694,target_iz_local
2023-02-25,2023-03-04,U10,U10,S02001588,main,income_deprivation,0.96677157538278,40.793079877848825,40.793079877848825,0.0,0.3181084990501404,0.32340142130851746,0.35849013924598694,target_iz_local
2023-02-25,2023-03-04,U10,U10,S02001588,main,employment_deprivation,0.2206372306460423,40.793079877848825,40.793079877848825,0.0,0.3181084990501404,0.32340142130851746,0.35849013924598694,target_iz_local
2023-02-25,2023-03-04,U10,U10,S02001588,main,higher_education,0.0856455848330524,40.793079877848825,40.793079877848825,0.0,0.3181084990501404,0.32340142130851746,0.35849013924598694,target_iz_local
2023-02-25,2023-03-04,U10,U10,S02001588,main,overcrowding,-0.3136995905921608,40.793079877848825,40.793079877848825,0.0,0.3181084990501404,0.32340142130851746,0.35849013924598694,target_iz_local
2023-02-25,2023-03-04,U10,U10,S02001588,main,crime,0.7794682548159674,40.793079877848825,40.793079877848825,0.0,0.3181084990501404,0.32340142130851746,0.35849013924598694,target_iz_local
2023-02-25,2023-03-04,U10,U10,S02001588,main,public_transport_time_to_gp,0.861862600417367,40.793079877848825,40.793079877848825,0.0,0.3181084990501404,0.32340142130851746,0.35849013924598694,target_iz_local
2023-02-25,2023-03-04,U10,U10,S02001588,location,location,-1.694905553545277,40.793079877848825,40.793079877848825,0.0,0.3181084990501404,0.32340142130851746,0.35849013924598694,target_iz_local
2023-02-25,2023-03-04,U10,U10,S02001588,location_interaction,location_x_income_deprivation,0.6897055080958768,40.793079877848825,40.793079877848825,0.0,0.3181084990501404,0.32340142130851746,0.35849013924598694,target_iz_local
2023-02-25,2023-03-04,U10,U10,S02001588,location_interaction,location_x_employment_deprivation,0.2271018119085418,40.793079877848825,40.793079877848825,0.0,0.3181084990501404,0.32340142130851746,0.35849013924598694,target_iz_local
2023-02-25,2023-03-04,U10,U10,S02001588,location_interaction,location_x_higher_education,0.532593767983576,40.793079877848825,40.793079877848825,0.0,0.3181084990501404,0.32340142130851746,0.35849013924598694,target_iz_local
2023-02-25,2023-03-04,U10,U10,S02001588,location_interaction,location_x_overcrowding,-0.0444005239577476,40.793079877848825,40.793079877848825,0.0,0.3181084990501404,0.32340142130851746,0.35849013924598694,target_iz_local
2023-02-25,2023-03-04,U10,U10,S02001588,location_interaction,location_x_crime,-0.2651306697300526,40.793079877848825,40.793079877848825,0.0,0.3181084990501404,0.32340142130851746,0.35849013924598694,target_iz_local
2023-02-25,2023-03-04,U10,U10,S02001588,location_interaction,location_x_public_transport_time_to_gp,2.0310435385931087,40.793079877848825,40.793079877848825,0.0,0.3181084990501404,0.32340142130851746,0.35849013924598694,target_iz_local
2023-02-25,2023-03-04,U10,U10,S02001589,baseline,baseline,34.21626333680612,38.67709021058542,38.67709021058542,0.0,0.3181084990501404,0.32340142130851746,0.35849013924598694,target_iz_local
2023-02-25,2023-03-04,U10,U10,S02001589,main,income_deprivation,0.9461684862772644,38.67709021058542,38.67709021058542,0.0,0.3181084990501404,0.32340142130851746,0.35849013924598694,target_iz_local
2023-02-25,2023-03-04,U10,U10,S02001589,main,employment_deprivation,0.027264499664304,38.67709021058542,38.67709021058542,0.0,0.3181084990501404,0.32340142130851746,0.35849013924598694,target_iz_local
2023-02-25,2023-03-04,U10,U10,S02001589,main,higher_education,0.5134837150573742,38.67709021058542,38.67709021058542,0.0,0.3181084990501404,0.32340142130851746,0.35849013924598694,target_iz_local
2023-02-25,2023-03-04,U10,U10,S02001589,main,overcrowding,-0.0608209609985365,38.67709021058542,38.67709021058542,0.0,0.3181084990501404,0.32340142130851746,0.35849013924598694,target_iz_local
2023-02-25,2023-03-04,U10,U10,S02001589,main,crime,0.0250881512959784,38.67709021058542,38.67709021058542,0.0,0.3181084990501404,0.32340142130851746,0.35849013924598694,target_iz_local
2023-02-25,2023-03-04,U10,U10,S02001589,main,public_transport_time_to_gp,1.1469290415446003,38.67709021058542,38.67709021058542,0.0,0.3181084990501404,0.32340142130851746,0.35849013924598694,target_iz_local
2023-02-25,2023-03-04,U10,U10,S02001589,location,location,-2.149342023758669,38.67709021058542,38.67709021058542,0.0,0.3181084990501404,0.32340142130851746,0.35849013924598694,target_iz_local
2023-02-25,2023-03-04,U10,U10,S02001589,location_interaction,location_x_income_deprivation,0.9023003941490536,38.67709021058542,38.67709021058542,0.0,0.3181084990501404,0.32340142130851746,0.35849013924598694,target_iz_local
2023-02-25,2023-03-04,U10,U10,S02001589,location_interaction,location_x_employment_deprivation,0.121939663659963,38.67709021058542,38.67709021058542,0.0,0.3181084990501404,0.32340142130851746,0.35849013924598694,target_iz_local
2023-02-25,2023-03-04,U10,U10,S02001589,location_interaction,location_x_higher_education,0.345577784946986,38.67709021058542,38.67709021058542,0.0,0.3181084990501404,0.32340142130851746,0.35849013924598694,target_iz_local
2023-02-25,2023-03-04,U10,U10,S02001589,location_interaction,location_x_overcrowding,0.2851060276939783,38.67709021058542,38.67709021058542,0.0,0.3181084990501404,0.32340142130851746,0.35849013924598694,target_iz_local
2023-02-25,2023-03-04,U10,U10,S02001589,location_interaction,location_x_crime,0.1627798761640303,38.67709021058542,38.67709021058542,0.0,0.3181084990501404,0.32340142130851746,0.35849013924598694,target_iz_local
2023-02-25,2023-03-04,U10,U10,S02001589,location_interaction,location_x_public_transport_time_to_gp,2.1943522180829698,38.67709021058542,38.67709021058542,0.0,0.3181084990501404,0.32340142130851746,0.35849013924598694,target_iz_local
2023-02-25,2023-03-04,U10,U10,S02001590,baseline,baseline,30.525079479122905,33.13789628973082,33.13789628973082,0.0,0.3181084990501404,0.32340142130851746,0.35849013924598694,target_iz_local
2023-02-25,2023-03-04,U10,U10,S02001590,main,income_deprivation,1.4237749235970678,33.13789628973082,33.13789628973082,0.0,0.3181084990501404,0.32340142130851746,0.35849013924598694,target_iz_local
2023-02-25,2023-03-04,U10,U10,S02001590,main,employment_deprivation,-1.0440813564118945,33.13789628973082,33.13789628973082,0.0,0.3181084990501404,0.32340142130851746,0.35849013924598694,target_iz_local
2023-02-25,2023-03-04,U10,U10,S02001590,main,higher_education,1.8030898548307963,33.13789628973082,33.13789628973082,0.0,0.3181084990501404,0.32340142130851746,0.35849013924598694,target_iz_local
2023-02-25,2023-03-04,U10,U10,S02001590,main,overcrowding,0.5407987412952263,33.13789628973082,33.13789628973082,0.0,0.3181084990501404,0.32340142130851746,0.35849013924598694,target_iz_local
2023-02-25,2023-03-04,U10,U10,S02001590,main,crime,-0.0356771650768482,33.13789628973082,33.13789628973082,0.0,0.3181084990501404,0.32340142130851746,0.35849013924598694,target_iz_local
2023-02-25,2023-03-04,U10,U10,S02001590,main,public_transport_time_to_gp,-0.281147911435085,33.13789628973082,33.13789628973082,0.0,0.3181084990501404,0.32340142130851746,0.35849013924598694,target_iz_local
2023-02-25,2023-03-04,U10,U10,S02001590,location,location,-1.5673408417474728,33.13789628973082,33.13789628973082,0.0,0.3181084990501404,0.32340142130851746,0.35849013924598694,target_iz_local
2023-02-25,2023-03-04,U10,U10,S02001590,location_interaction,location_x_income_deprivation,0.8727203641618992,33.13789628973082,33.13789628973082,0.0,0.3181084990501404,0.32340142130851746,0.35849013924598694,target_iz_local
2023-02-25,2023-03-04,U10,U10,S02001590,location_interaction,location_x_employment_deprivation,-0.4169068064008375,33.13789628973082,33.13789628973082,0.0,0.3181084990501404,0.32340142130851746,0.35849013924598694,target_iz_local
2023-02-25,2023-03-04,U10,U10,S02001590,location_interaction,location_x_higher_education,1.0377281461443155,33.13789628973082,33.13789628973082,0.0,0.3181084990501404,0.32340142130851746,0.35849013924598694,target_iz_local
2023-02-25,2023-03-04,U10,U10,S02001590,location_interaction,location_x_overcrowding,-0.3227866853986473,33.13789628973082,33.13789628973082,0.0,0.3181084990501404,0.32340142130851746,0.35849013924598694,target_iz_local
2023-02-25,2023-03-04,U10,U10,S02001590,location_interaction,location_x_crime,0.8344427699134507,33.13789628973082,33.13789628973082,0.0,0.3181084990501404,0.32340142130851746,0.35849013924598694,target_iz_local
2023-02-25,2023-03-04,U10,U10,S02001590,location_interaction,location_x_public_transport_time_to_gp,-0.2317972228640561,33.13789628973082,33.13789628973082,0.0,0.3181084990501404,0.32340142130851746,0.35849013924598694,target_iz_local
2023-02-25,2023-03-04,U10,U10,S02001591,baseline,baseline,28.317557801065163,27.52102564698191,27.52102564698191,0.0,0.3181084990501404,0.32340142130851746,0.35849013924598694,target_iz_local
2023-02-25,2023-03-04,U10,U10,S02001591,main,income_deprivation,1.2878196450926065,27.52102564698191,27.52102564698191,0.0,0.3181084990501404,0.32340142130851746,0.35849013924598694,target_iz_local
2023-02-25,2023-03-04,U10,U10,S02001591,main,employment_deprivation,-1.1959043758256145,27.52102564698191,27.52102564698191,0.0,0.3181084990501404,0.32340142130851746,0.35849013924598694,target_iz_local
2023-02-25,2023-03-04,U10,U10,S02001591,main,higher_education,1.6660932354983888,27.52102564698191,27.52102564698191,0.0,0.3181084990501404,0.32340142130851746,0.35849013924598694,target_iz_local
2023-02-25,2023-03-04,U10,U10,S02001591,main,overcrowding,-0.8612981892767447,27.52102564698191,27.52102564698191,0.0,0.3181084990501404,0.32340142130851746,0.35849013924598694,target_iz_local
2023-02-25,2023-03-04,U10,U10,S02001591,main,crime,0.0499712768055143,27.52102564698191,27.52102564698191,0.0,0.3181084990501404,0.32340142130851746,0.35849013924598694,target_iz_local
2023-02-25,2023-03-04,U10,U10,S02001591,main,public_transport_time_to_gp,-0.5564425495408855,27.52102564698191,27.52102564698191,0.0,0.3181084990501404,0.32340142130851746,0.35849013924598694,target_iz_local
2023-02-25,2023-03-04,U10,U10,S02001591,location,location,0.6084652066230791,27.52102564698191,27.52102564698191,0.0,0.3181084990501404,0.32340142130851746,0.35849013924598694,target_iz_local
2023-02-25,2023-03-04,U10,U10,S02001591,location_interaction,location_x_income_deprivation,-0.0958502881583768,27.52102564698191,27.52102564698191,0.0,0.3181084990501404,0.32340142130851746,0.35849013924598694,target_iz_local
2023-02-25,2023-03-04,U10,U10,S02001591,location_interaction,location_x_employment_deprivation,-0.3649747473852928,27.52102564698191,27.52102564698191,0.0,0.3181084990501404,0.32340142130851746,0.35849013924598694,target_iz_local
2023-02-25,2023-03-04,U10,U10,S02001591,location_interaction,location_x_higher_education,-0.1580779565232199,27.52102564698191,27.52102564698191,0.0,0.3181084990501404,0.32340142130851746,0.35849013924598694,target_iz_local
2023-02-25,2023-03-04,U10,U10,S02001591,location_interaction,location_x_overcrowding,-0.3986871702330417,27.52102564698191,27.52102564698191,0.0,0.3181084990501404,0.32340142130851746,0.35849013924598694,target_iz_local
2023-02-25,2023-03-04,U10,U10,S02001591,location_interaction,location_x_crime,-0.0425441069262372,27.52102564698191,27.52102564698191,0.0,0.3181084990501404,0.32340142130851746,0.35849013924598694,target_iz_local
2023-02-25,2023-03-04,U10,U10,S02001591,location_interaction,location_x_public_transport_time_to_gp,-0.7351021342334273,27.52102564698191,27.52102564698191,0.0,0.3181084990501404,0.32340142130851746,0.35849013924598694,target_iz_local
2023-02-25,2023-03-04,U10,U10,S02001592,baseline,baseline,31.78484861078147,29.18925801935081,29.18925801935081,0.0,0.3181084990501404,0.32340142130851746,0.35849013924598694,target_iz_local
2023-02-25,2023-03-04,U10,U10,S02001592,main,income_deprivation,-1.6487281935555649,29.18925801935081,29.18925801935081,0.0,0.3181084990501404,0.32340142130851746,0.35849013924598694,target_iz_local
2023-02-25,2023-03-04,U10,U10,S02001592,main,employment_deprivation,0.3285194896516363,29.18925801935081,29.18925801935081,0.0,0.3181084990501404,0.32340142130851746,0.35849013924598694,target_iz_local
2023-02-25,2023-03-04,U10,U10,S02001592,main,higher_education,-0.5038231668018182,29.18925801935081,29.18925801935081,0.0,0.3181084990501404,0.32340142130851746,0.35849013924598694,target_iz_local
2023-02-25,2023-03-04,U10,U10,S02001592,main,overcrowding,0.3008961859203541,29.18925801935081,29.18925801935081,0.0,0.3181084990501404,0.32340142130851746,0.35849013924598694,target_iz_local
2023-02-25,2023-03-04,U10,U10,S02001592,main,crime,0.7186839285351,29.18925801935081,29.18925801935081,0.0,0.3181084990501404,0.32340142130851746,0.35849013924598694,target_iz_local
2023-02-25,2023-03-04,U10,U10,S02001592,main,public_transport_time_to_gp,-0.7700709479195735,29.18925801935081,29.18925801935081,0.0,0.3181084990501404,0.32340142130851746,0.35849013924598694,target_iz_local
2023-02-25,2023-03-04,U10,U10,S02001592,location,location,-0.9234267870585166,29.18925801935081,29.18925801935081,0.0,0.3181084990501404,0.32340142130851746,0.35849013924598694,target_iz_local
2023-02-25,2023-03-04,U10,U10,S02001592,location_interaction,location_x_income_deprivation,-0.384488664354591,29.18925801935081,29.18925801935081,0.0,0.3181084990501404,0.32340142130851746,0.35849013924598694,target_iz_local
2023-02-25,2023-03-04,U10,U10,S02001592,location_interaction,location_x_employment_deprivation,0.0596335547310954,29.18925801935081,29.18925801935081,0.0,0.3181084990501404,0.32340142130851746,0.35849013924598694,target_iz_local
2023-02-25,2023-03-04,U10,U10,S02001592,location_interaction,location_x_higher_education,-0.0247300011771028,29.18925801935081,29.18925801935081,0.0,0.3181084990501404,0.32340142130851746,0.35849013924598694,target_iz_local
2023-02-25,2023-03-04,U10,U10,S02001592,location_interaction,location_x_overcrowding,0.168739173525854,29.18925801935081,29.18925801935081,0.0,0.3181084990501404,0.32340142130851746,0.35849013924598694,target_iz_local
2023-02-25,2023-03-04,U10,U10,S02001592,location_interaction,location_x_crime,0.1935379482450927,29.18925801935081,29.18925801935081,0.0,0.3181084990501404,0.32340142130851746,0.35849013924598694,target_iz_local
2023-02-25,2023-03-04,U10,U10,S02001592,location_interaction,location_x_public_transport_time_to_gp,-0.1103331111726299,29.18925801935081,29.18925801935081,0.0,0.3181084990501404,0.32340142130851746,0.35849013924598694,target_iz_local
2023-02-25,2023-03-04,U10,U10,S02001593,baseline,baseline,27.973173723904708,24.16129361221037,24.16129361221037,0.0,0.3181084990501404,0.32340142130851746,0.35849013924598694,target_iz_local
2023-02-25,2023-03-04,U10,U10,S02001593,main,income_deprivation,-1.5096953187670097,24.16129361221037,24.16129361221037,0.0,0.3181084990501404,0.32340142130851746,0.35849013924598694,target_iz_local
2023-02-25,2023-03-04,U10,U10,S02001593,main,employment_deprivation,-0.1489679926917639,24.16129361221037,24.16129361221037,0.0,0.3181084990501404,0.32340142130851746,0.35849013924598694,target_iz_local
2023-02-25,2023-03-04,U10,U10,S02001593,main,higher_education,-3.1921009495144896,24.16129361221037,24.16129361221037,0.0,0.3181084990501404,0.32340142130851746,0.35849013924598694,target_iz_local
2023-02-25,2023-03-04,U10,U10,S02001593,main,overcrowding,0.9091229166303416,24.16129361221037,24.16129361221037,0.0,0.3181084990501404,0.32340142130851746,0.35849013924598694,target_iz_local
2023-02-25,2023-03-04,U10,U10,S02001593,main,crime,0.0981315817151771,24.16129361221037,24.16129361221037,0.0,0.3181084990501404,0.32340142130851746,0.35849013924598694,target_iz_local
2023-02-25,2023-03-04,U10,U10,S02001593,main,public_transport_time_to_gp,0.127783891132904,24.16129361221037,24.16129361221037,0.0,0.3181084990501404,0.32340142130851746,0.35849013924598694,target_iz_local
2023-02-25,2023-03-04,U10,U10,S02001593,location,location,-1.893898266837718,24.16129361221037,24.16129361221037,0.0,0.3181084990501404,0.32340142130851746,0.35849013924598694,target_iz_local
2023-02-25,2023-03-04,U10,U10,S02001593,location_interaction,location_x_income_deprivation,0.601956837517883,24.16129361221037,24.16129361221037,0.0,0.3181084990501404,0.32340142130851746,0.35849013924598694,target_iz_local
2023-02-25,2023-03-04,U10,U10,S02001593,location_interaction,location_x_employment_deprivation,-0.4771545478275866,24.16129361221037,24.16129361221037,0.0,0.3181084990501404,0.32340142130851746,0.35849013924598694,target_iz_local
2023-02-25,2023-03-04,U10,U10,S02001593,location_interaction,location_x_higher_education,1.8161253225235812,24.16129361221037,24.16129361221037,0.0,0.3181084990501404,0.32340142130851746,0.35849013924598694,target_iz_local
2023-02-25,2023-03-04,U10,U10,S02001593,location_interaction,location_x_overcrowding,-0.0604211557479175,24.16129361221037,24.16129361221037,0.0,0.3181084990501404,0.32340142130851746,0.35849013924598694,target_iz_local
2023-02-25,2023-03-04,U10,U10,S02001593,location_interaction,location_x_crime,-0.0971214998336071,24.16129361221037,24.16129361221037,0.0,0.3181084990501404,0.32340142130851746,0.35849013924598694,target_iz_local
2023-02-25,2023-03-04,U10,U10,S02001593,location_interaction,location_x_public_transport_time_to_gp,0.0143590700058683,24.16129361221037,24.16129361221037,0.0,0.3181084990501404,0.32340142130851746,0.35849013924598694,target_iz_local
2023-02-25,2023-03-04,U10,U10,S02001594,baseline,baseline,31.083159174971463,26.5231902266072,26.5231902266072,3.552713678800501e-15,0.3181084990501404,0.32340142130851746,0.35849013924598694,target_iz_local
2023-02-25,2023-03-04,U10,U10,S02001594,main,income_deprivation,-1.5237621352786168,26.5231902266072,26.5231902266072,3.552713678800501e-15,0.3181084990501404,0.32340142130851746,0.35849013924598694,target_iz_local
2023-02-25,2023-03-04,U10,U10,S02001594,main,employment_deprivation,0.0872400238400446,26.5231902266072,26.5231902266072,3.552713678800501e-15,0.3181084990501404,0.32340142130851746,0.35849013924598694,target_iz_local
2023-02-25,2023-03-04,U10,U10,S02001594,main,higher_education,-2.965541748773492,26.5231902266072,26.5231902266072,3.552713678800501e-15,0.3181084990501404,0.32340142130851746,0.35849013924598694,target_iz_local
2023-02-25,2023-03-04,U10,U10,S02001594,main,overcrowding,0.6815758182888982,26.5231902266072,26.5231902266072,3.552713678800501e-15,0.3181084990501404,0.32340142130851746,0.35849013924598694,target_iz_local
2023-02-25,2023-03-04,U10,U10,S02001594,main,crime,0.6819062187558182,26.5231902266072,26.5231902266072,3.552713678800501e-15,0.3181084990501404,0.32340142130851746,0.35849013924598694,target_iz_local
2023-02-25,2023-03-04,U10,U10,S02001594,main,public_transport_time_to_gp,-0.6290371463412361,26.5231902266072,26.5231902266072,3.552713678800501e-15,0.3181084990501404,0.32340142130851746,0.35849013924598694,target_iz_local
2023-02-25,2023-03-04,U10,U10,S02001594,location,location,-2.49243879091173,26.5231902266072,26.5231902266072,3.552713678800501e-15,0.3181084990501404,0.32340142130851746,0.35849013924598694,target_iz_local
2023-02-25,2023-03-04,U10,U10,S02001594,location_interaction,location_x_income_deprivation,0.6576828071049359,26.5231902266072,26.5231902266072,3.552713678800501e-15,0.3181084990501404,0.32340142130851746,0.35849013924598694,target_iz_local
2023-02-25,2023-03-04,U10,U10,S02001594,location_interaction,location_x_employment_deprivation,-0.1881812663305394,26.5231902266072,26.5231902266072,3.552713678800501e-15,0.3181084990501404,0.32340142130851746,0.35849013924598694,target_iz_local
2023-02-25,2023-03-04,U10,U10,S02001594,location_interaction,location_x_higher_education,1.329758015133094,26.5231902266072,26.5231902266072,3.552713678800501e-15,0.3181084990501404,0.32340142130851746,0.35849013924598694,target_iz_local
2023-02-25,2023-03-04,U10,U10,S02001594,location_interaction,location_x_overcrowding,-0.1735554944901271,26.5231902266072,26.5231902266072,3.552713678800501e-15,0.3181084990501404,0.32340142130851746,0.35849013924598694,target_iz_local
2023-02-25,2023-03-04,U10,U10,S02001594,location_interaction,location_x_crime,-0.4723919959295418,26.5231902266072,26.5231902266072,3.552713678800501e-15,0.3181084990501404,0.32340142130851746,0.35849013924598694,target_iz_local
2023-02-25,2023-03-04,U10,U10,S02001594,location_interaction,location_x_public_transport_time_to_gp,0.4467767465682332,26.5231902266072,26.5231902266072,3.552713678800501e-15,0.3181084990501404,0.32340142130851746,0.35849013924598694,target_iz_local
2023-02-25,2023-03-04,U10,U10,S02001595,baseline,baseline,32.534339428167435,28.05353641531953,28.05353641531953,0.0,0.3181084990501404,0.32340142130851746,0.35849013924598694,target_iz_local
2023-02-25,2023-03-04,U10,U10,S02001595,main,income_deprivation,-1.3348888374510313,28.05353641531953,28.05353641531953,0.0,0.3181084990501404,0.32340142130851746,0.35849013924598694,target_iz_local
2023-02-25,2023-03-04,U10,U10,S02001595,main,employment_deprivation,-0.1140560922168523,28.05353641531953,28.05353641531953,0.0,0.3181084990501404,0.32340142130851746,0.35849013924598694,target_iz_local
2023-02-25,2023-03-04,U10,U10,S02001595,main,higher_education,-4.541257720901869,28.05353641531953,28.05353641531953,0.0,0.3181084990501404,0.32340142130851746,0.35849013924598694,target_iz_local
2023-02-25,2023-03-04,U10,U10,S02001595,main,overcrowding,0.9555745147523488,28.05353641531953,28.05353641531953,0.0,0.3181084990501404,0.32340142130851746,0.35849013924598694,target_iz_local
2023-02-25,2023-03-04,U10,U10,S02001595,main,crime,0.3418266795930485,28.05353641531953,28.05353641531953,0.0,0.3181084990501404,0.32340142130851746,0.35849013924598694,target_iz_local
2023-02-25,2023-03-04,U10,U10,S02001595,main,public_transport_time_to_gp,0.3276415927069537,28.05353641531953,28.05353641531953,0.0,0.3181084990501404,0.32340142130851746,0.35849013924598694,target_iz_local
2023-02-25,2023-03-04,U10,U10,S02001595,location,location,-2.067526587985821,28.05353641531953,28.05353641531953,0.0,0.3181084990501404,0.32340142130851746,0.35849013924598694,target_iz_local
2023-02-25,2023-03-04,U10,U10,S02001595,location_interaction,location_x_income_deprivation,0.4030089582715789,28.05353641531953,28.05353641531953,0.0,0.3181084990501404,0.32340142130851746,0.35849013924598694,target_iz_local
2023-02-25,2023-03-04,U10,U10,S02001595,location_interaction,location_x_employment_deprivation,-0.4328543299720411,28.05353641531953,28.05353641531953,0.0,0.3181084990501404,0.32340142130851746,0.35849013924598694,target_iz_local
2023-02-25,2023-03-04,U10,U10,S02001595,location_interaction,location_x_higher_education,1.596906038693038,28.05353641531953,28.05353641531953,0.0,0.3181084990501404,0.32340142130851746,0.35849013924598694,target_iz_local
2023-02-25,2023-03-04,U10,U10,S02001595,location_interaction,location_x_overcrowding,-0.0454585824693997,28.05353641531953,28.05353641531953,0.0,0.3181084990501404,0.32340142130851746,0.35849013924598694,target_iz_local
2023-02-25,2023-03-04,U10,U10,S02001595,location_interaction,location_x_crime,-0.2196337336585719,28.05353641531953,28.05353641531953,0.0,0.3181084990501404,0.32340142130851746,0.35849013924598694,target_iz_local
2023-02-25,2023-03-04,U10,U10,S02001595,location_interaction,location_x_public_transport_time_to_gp,0.649915087790717,28.05353641531953,28.05353641531953,0.0,0.3181084990501404,0.32340142130851746,0.35849013924598694,target_iz_local
2023-02-25,2023-03-04,U10,U10,S02001596,baseline,baseline,32.219416301505404,38.34825674797757,38.34825674797757,0.0,0.3181084990501404,0.32340142130851746,0.35849013924598694,target_iz_local
2023-02-25,2023-03-04,U10,U10,S02001596,main,income_deprivation,2.9838482062021967,38.34825674797757,38.34825674797757,0.0,0.3181084990501404,0.32340142130851746,0.35849013924598694,target_iz_local
2023-02-25,2023-03-04,U10,U10,S02001596,main,employment_deprivation,-0.4768766562143992,38.34825674797757,38.34825674797757,0.0,0.3181084990501404,0.32340142130851746,0.35849013924598694,target_iz_local
2023-02-25,2023-03-04,U10,U10,S02001596,main,higher_education,0.3606027285257977,38.34825674797757,38.34825674797757,0.0,0.3181084990501404,0.32340142130851746,0.35849013924598694,target_iz_local
2023-02-25,2023-03-04,U10,U10,S02001596,main,overcrowding,-6.786041864127319e-16,38.34825674797757,38.34825674797757,0.0,0.3181084990501404,0.32340142130851746,0.35849013924598694,target_iz_local
2023-02-25,2023-03-04,U10,U10,S02001596,main,crime,-0.2608351230621325,38.34825674797757,38.34825674797757,0.0,0.3181084990501404,0.32340142130851746,0.35849013924598694,target_iz_local
2023-02-25,2023-03-04,U10,U10,S02001596,main,public_transport_time_to_gp,-0.141945870717368,38.34825674797757,38.34825674797757,0.0,0.3181084990501404,0.32340142130851746,0.35849013924598694,target_iz_local
2023-02-25,2023-03-04,U10,U10,S02001596,location,location,-4.023231585820528,38.34825674797757,38.34825674797757,0.0,0.3181084990501404,0.32340142130851746,0.35849013924598694,target_iz_local
2023-02-25,2023-03-04,U10,U10,S02001596,location_interaction,location_x_income_deprivation,6.129247768719986,38.34825674797757,38.34825674797757,0.0,0.3181084990501404,0.32340142130851746,0.35849013924598694,target_iz_local
2023-02-25,2023-03-04,U10,U10,S02001596,location_interaction,location_x_employment_deprivation,1.184822479883836,38.34825674797757,38.34825674797757,0.0,0.3181084990501404,0.32340142130851746,0.35849013924598694,target_iz_local
2023-02-25,2023-03-04,U10,U10,S02001596,location_interaction,location_x_higher_education,0.1994405587514267,38.34825674797757,38.34825674797757,0.0,0.3181084990501404,0.32340142130851746,0.35849013924598694,target_iz_local
2023-02-25,2023-03-04,U10,U10,S02001596,location_interaction,location_x_overcrowding,1.6132641614755132e-15,38.34825674797757,38.34825674797757,0.0,0.3181084990501404,0.32340142130851746,0.35849013924598694,target_iz_local
2023-02-25,2023-03-04,U10,U10,S02001596,location_interaction,location_x_crime,0.4041687726974491,38.34825674797757,38.34825674797757,0.0,0.3181084990501404,0.32340142130851746,0.35849013924598694,target_iz_local
2023-02-25,2023-03-04,U10,U10,S02001596,location_interaction,location_x_public_transport_time_to_gp,-0.2304008324940963,38.34825674797757,38.34825674797757,0.0,0.3181084990501404,0.32340142130851746,0.35849013924598694,target_iz_local
2023-02-25,2023-03-04,U10,U10,S02001597,baseline,baseline,33.88358847252083,47.40832201591682,47.40832201591682,0.0,0.3181084990501404,0.32340142130851746,0.35849013924598694,target_iz_local
2023-02-25,2023-03-04,U10,U10,S02001597,main,income_deprivation,6.2103230748858005,47.40832201591682,47.40832201591682,0.0,0.3181084990501404,0.32340142130851746,0.35849013924598694,target_iz_local
2023-02-25,2023-03-04,U10,U10,S02001597,main,employment_deprivation,-0.7591252292905619,47.40832201591682,47.40832201591682,0.0,0.3181084990501404,0.32340142130851746,0.35849013924598694,target_iz_local
2023-02-25,2023-03-04,U10,U10,S02001597,main,higher_education,1.4483980133419956,47.40832201591682,47.40832201591682,0.0,0.3181084990501404,0.32340142130851746,0.35849013924598694,target_iz_local
2023-02-25,2023-03-04,U10,U10,S02001597,main,overcrowding,-0.0954931542986959,47.40832201591682,47.40832201591682,0.0,0.3181084990501404,0.32340142130851746,0.35849013924598694,target_iz_local
2023-02-25,2023-03-04,U10,U10,S02001597,main,crime,-0.0635089283897782,47.40832201591682,47.40832201591682,0.0,0.3181084990501404,0.32340142130851746,0.35849013924598694,target_iz_local
2023-02-25,2023-03-04,U10,U10,S02001597,main,public_transport_time_to_gp,0.2117905253455735,47.40832201591682,47.40832201591682,0.0,0.3181084990501404,0.32340142130851746,0.35849013924598694,target_iz_local
2023-02-25,2023-03-04,U10,U10,S02001597,location,location,-4.734610966273731,47.40832201591682,47.40832201591682,0.0,0.3181084990501404,0.32340142130851746,0.35849013924598694,target_iz_local
2023-02-25,2023-03-04,U10,U10,S02001597,location_interaction,location_x_income_deprivation,7.364721068881791,47.40832201591682,47.40832201591682,0.0,0.3181084990501404,0.32340142130851746,0.35849013924598694,target_iz_local
2023-02-25,2023-03-04,U10,U10,S02001597,location_interaction,location_x_employment_deprivation,2.2779673746654105,47.40832201591682,47.40832201591682,0.0,0.3181084990501404,0.32340142130851746,0.35849013924598694,target_iz_local
2023-02-25,2023-03-04,U10,U10,S02001597,location_interaction,location_x_higher_education,0.6188002200353742,47.40832201591682,47.40832201591682,0.0,0.3181084990501404,0.32340142130851746,0.35849013924598694,target_iz_local
2023-02-25,2023-03-04,U10,U10,S02001597,location_interaction,location_x_overcrowding,0.1991594961711379,47.40832201591682,47.40832201591682,0.0,0.3181084990501404,0.32340142130851746,0.35849013924598694,target_iz_local
2023-02-25,2023-03-04,U10,U10,S02001597,location_interaction,location_x_crime,0.5777301402319052,47.40832201591682,47.40832201591682,0.0,0.3181084990501404,0.32340142130851746,0.35849013924598694,target_iz_local
2023-02-25,2023-03-04,U10,U10,S02001597,location_interaction,location_x_public_transport_time_to_gp,0.2685819080897772,47.40832201591682,47.40832201591682,0.0,0.3181084990501404,0.32340142130851746,0.35849013924598694,target_iz_local
2023-02-25,2023-03-04,U10,U10,S02001598,baseline,baseline,29.6791852295526,25.556405383361195,25.556405383361195,0.0,0.3181084990501404,0.32340142130851746,0.35849013924598694,target_iz_local
2023-02-25,2023-03-04,U10,U10,S02001598,main,income_deprivation,-1.7459482465471616,25.556405383361195,25.556405383361195,0.0,0.3181084990501404,0.32340142130851746,0.35849013924598694,target_iz_local
2023-02-25,2023-03-04,U10,U10,S02001598,main,employment_deprivation,-0.5232289268856964,25.556405383361195,25.556405383361195,0.0,0.3181084990501404,0.32340142130851746,0.35849013924598694,target_iz_local
2023-02-25,2023-03-04,U10,U10,S02001598,main,higher_education,-2.029294549851196,25.556405383361195,25.556405383361195,0.0,0.3181084990501404,0.32340142130851746,0.35849013924598694,target_iz_local
2023-02-25,2023-03-04,U10,U10,S02001598,main,overcrowding,0.6411565508161307,25.556405383361195,25.556405383361195,0.0,0.3181084990501404,0.32340142130851746,0.35849013924598694,target_iz_local
2023-02-25,2023-03-04,U10,U10,S02001598,main,crime,-0.0610290164039222,25.556405383361195,25.556405383361195,0.0,0.3181084990501404,0.32340142130851746,0.35849013924598694,target_iz_local
2023-02-25,2023-03-04,U10,U10,S02001598,main,public_transport_time_to_gp,1.0142540341331896,25.556405383361195,25.556405383361195,0.0,0.3181084990501404,0.32340142130851746,0.35849013924598694,target_iz_local
2023-02-25,2023-03-04,U10,U10,S02001598,location,location,-3.3837871733166063,25.556405383361195,25.556405383361195,0.0,0.3181084990501404,0.32340142130851746,0.35849013924598694,target_iz_local
2023-02-25,2023-03-04,U10,U10,S02001598,location_interaction,location_x_income_deprivation,0.3312584649948948,25.556405383361195,25.556405383361195,0.0,0.3181084990501404,0.32340142130851746,0.35849013924598694,target_iz_local
2023-02-25,2023-03-04,U10,U10,S02001598,location_interaction,location_x_employment_deprivation,-0.2125116257440446,25.556405383361195,25.556405383361195,0.0,0.3181084990501404,0.32340142130851746,0.35849013924598694,target_iz_local
2023-02-25,2023-03-04,U10,U10,S02001598,location_interaction,location_x_higher_education,2.3590593428838904,25.556405383361195,25.556405383361195,0.0,0.3181084990501404,0.32340142130851746,0.35849013924598694,target_iz_local
2023-02-25,2023-03-04,U10,U10,S02001598,location_interaction,location_x_overcrowding,-0.6924399602980857,25.556405383361195,25.556405383361195,0.0,0.3181084990501404,0.32340142130851746,0.35849013924598694,target_iz_local
2023-02-25,2023-03-04,U10,U10,S02001598,location_interaction,location_x_crime,-0.113947986421131,25.556405383361195,25.556405383361195,0.0,0.3181084990501404,0.32340142130851746,0.35849013924598694,target_iz_local
2023-02-25,2023-03-04,U10,U10,S02001598,location_interaction,location_x_public_transport_time_to_gp,0.2936792464483325,25.556405383361195,25.556405383361195,0.0,0.3181084990501404,0.32340142130851746,0.35849013924598694,target_iz_local
2023-02-25,2023-03-04,U10,U10,S02001599,baseline,baseline,36.25677982772471,32.20183769668223,32.20183769668223,0.0,0.3181084990501404,0.32340142130851746,0.35849013924598694,target_iz_local
2023-02-25,2023-03-04,U10,U10,S02001599,main,income_deprivation,-1.8975014868236837,32.20183769668223,32.20183769668223,0.0,0.3181084990501404,0.32340142130851746,0.35849013924598694,target_iz_local
2023-02-25,2023-03-04,U10,U10,S02001599,main,employment_deprivation,-0.319224979763939,32.20183769668223,32.20183769668223,0.0,0.3181084990501404,0.32340142130851746,0.35849013924598694,target_iz_local
2023-02-25,2023-03-04,U10,U10,S02001599,main,higher_education,-2.5551483971732085,32.20183769668223,32.20183769668223,0.0,0.3181084990501404,0.32340142130851746,0.35849013924598694,target_iz_local
2023-02-25,2023-03-04,U10,U10,S02001599,main,overcrowding,1.1152428127470528,32.20183769668223,32.20183769668223,0.0,0.3181084990501404,0.32340142130851746,0.35849013924598694,target_iz_local
2023-02-25,2023-03-04,U10,U10,S02001599,main,crime,0.1911084311349092,32.20183769668223,32.20183769668223,0.0,0.3181084990501404,0.32340142130851746,0.35849013924598694,target_iz_local
2023-02-25,2023-03-04,U10,U10,S02001599,main,public_transport_time_to_gp,1.5951170103890642,32.20183769668223,32.20183769668223,0.0,0.3181084990501404,0.32340142130851746,0.35849013924598694,target_iz_local
2023-02-25,2023-03-04,U10,U10,S02001599,location,location,-3.04644886198499,32.20183769668223,32.20183769668223,0.0,0.3181084990501404,0.32340142130851746,0.35849013924598694,target_iz_local
2023-02-25,2023-03-04,U10,U10,S02001599,location_interaction,location_x_income_deprivation,-0.2048605056035944,32.20183769668223,32.20183769668223,0.0,0.3181084990501404,0.32340142130851746,0.35849013924598694,target_iz_local
2023-02-25,2023-03-04,U10,U10,S02001599,location_interaction,location_x_employment_deprivation,-0.1936945688156844,32.20183769668223,32.20183769668223,0.0,0.3181084990501404,0.32340142130851746,0.35849013924598694,target_iz_local
2023-02-25,2023-03-04,U10,U10,S02001599,location_interaction,location_x_higher_education,1.2692832538059888,32.20183769668223,32.20183769668223,0.0,0.3181084990501404,0.32340142130851746,0.35849013924598694,target_iz_local
2023-02-25,2023-03-04,U10,U10,S02001599,location_interaction,location_x_overcrowding,-0.4307742845444479,32.20183769668223,32.20183769668223,0.0,0.3181084990501404,0.32340142130851746,0.35849013924598694,target_iz_local
2023-02-25,2023-03-04,U10,U10,S02001599,location_interaction,location_x_crime,-0.1883253506251792,32.20183769668223,32.20183769668223,0.0,0.3181084990501404,0.32340142130851746,0.35849013924598694,target_iz_local
2023-02-25,2023-03-04,U10,U10,S02001599,location_interaction,location_x_public_transport_time_to_gp,0.6102847962152309,32.20183769668223,32.20183769668223,0.0,0.3181084990501404,0.32340142130851746,0.35849013924598694,target_iz_local
2023-02-25,2023-03-04,U10,U10,S02001600,baseline,baseline,38.67587544284972,40.47460438572081,40.47460438572081,0.0,0.3181084990501404,0.32340142130851746,0.35849013924598694,target_iz_local
2023-02-25,2023-03-04,U10,U10,S02001600,main,income_deprivation,-0.1398386455717554,40.47460438572081,40.47460438572081,0.0,0.3181084990501404,0.32340142130851746,0.35849013924598694,target_iz_local
2023-02-25,2023-03-04,U10,U10,S02001600,main,employment_deprivation,-0.0783964611235146,40.47460438572081,40.47460438572081,0.0,0.3181084990501404,0.32340142130851746,0.35849013924598694,target_iz_local
2023-02-25,2023-03-04,U10,U10,S02001600,main,higher_education,0.0901581945873424,40.47460438572081,40.47460438572081,0.0,0.3181084990501404,0.32340142130851746,0.35849013924598694,target_iz_local
2023-02-25,2023-03-04,U10,U10,S02001600,main,overcrowding,-0.4889371054513134,40.47460438572081,40.47460438572081,0.0,0.3181084990501404,0.32340142130851746,0.35849013924598694,target_iz_local
2023-02-25,2023-03-04,U10,U10,S02001600,main,crime,-0.0360085941496356,40.47460438572081,40.47460438572081,0.0,0.3181084990501404,0.32340142130851746,0.35849013924598694,target_iz_local
2023-02-25,2023-03-04,U10,U10,S02001600,main,public_transport_time_to_gp,2.639988758450473,40.47460438572081,40.47460438572081,0.0,0.3181084990501404,0.32340142130851746,0.35849013924598694,target_iz_local
2023-02-25,2023-03-04,U10,U10,S02001600,location,location,-5.746494193304173,40.47460438572081,40.47460438572081,0.0,0.3181084990501404,0.32340142130851746,0.35849013924598694,target_iz_local
2023-02-25,2023-03-04,U10,U10,S02001600,location_interaction,location_x_income_deprivation,-0.06065048944382,40.47460438572081,40.47460438572081,0.0,0.3181084990501404,0.32340142130851746,0.35849013924598694,target_iz_local
2023-02-25,2023-03-04,U10,U10,S02001600,location_interaction,location_x_employment_deprivation,0.0186948640005999,40.47460438572081,40.47460438572081,0.0,0.3181084990501404,0.32340142130851746,0.35849013924598694,target_iz_local
2023-02-25,2023-03-04,U10,U10,S02001600,location_interaction,location_x_higher_education,-0.0466200964791376,40.47460438572081,40.47460438572081,0.0,0.3181084990501404,0.32340142130851746,0.35849013924598694,target_iz_local
2023-02-25,2023-03-04,U10,U10,S02001600,location_interaction,location_x_overcrowding,-0.3832238651457238,40.47460438572081,40.47460438572081,0.0,0.3181084990501404,0.32340142130851746,0.35849013924598694,target_iz_local
2023-02-25,2023-03-04,U10,U10,S02001600,location_interaction,location_x_crime,0.0343232336498479,40.47460438572081,40.47460438572081,0.0,0.3181084990501404,0.32340142130851746,0.35849013924598694,target_iz_local
2023-02-25,2023-03-04,U10,U10,S02001600,location_interaction,location_x_public_transport_time_to_gp,5.9957333428519055,40.47460438572081,40.47460438572081,0.0,0.3181084990501404,0.32340142130851746,0.35849013924598694,target_iz_local
2023-02-25,2023-03-04,U10,U10,S02001601,baseline,baseline,48.53779540685255,47.9442318501814,47.9442318501814,0.0,0.3181084990501404,0.32340142130851746,0.35849013924598694,target_iz_local
2023-02-25,2023-03-04,U10,U10,S02001601,main,income_deprivation,-0.8291557675316262,47.9442318501814,47.9442318501814,0.0,0.3181084990501404,0.32340142130851746,0.35849013924598694,target_iz_local
2023-02-25,2023-03-04,U10,U10,S02001601,main,employment_deprivation,-0.1275133973076239,47.9442318501814,47.9442318501814,0.0,0.3181084990501404,0.32340142130851746,0.35849013924598694,target_iz_local
2023-02-25,2023-03-04,U10,U10,S02001601,main,higher_education,-0.7613101845695893,47.9442318501814,47.9442318501814,0.0,0.3181084990501404,0.32340142130851746,0.35849013924598694,target_iz_local
2023-02-25,2023-03-04,U10,U10,S02001601,main,overcrowding,0.5771979127611455,47.9442318501814,47.9442318501814,0.0,0.3181084990501404,0.32340142130851746,0.35849013924598694,target_iz_local
2023-02-25,2023-03-04,U10,U10,S02001601,main,crime,-0.254455968311855,47.9442318501814,47.9442318501814,0.0,0.3181084990501404,0.32340142130851746,0.35849013924598694,target_iz_local
2023-02-25,2023-03-04,U10,U10,S02001601,main,public_transport_time_to_gp,1.9908054465339369,47.9442318501814,47.9442318501814,0.0,0.3181084990501404,0.32340142130851746,0.35849013924598694,target_iz_local
2023-02-25,2023-03-04,U10,U10,S02001601,location,location,-3.0183226971399324,47.9442318501814,47.9442318501814,0.0,0.3181084990501404,0.32340142130851746,0.35849013924598694,target_iz_local
2023-02-25,2023-03-04,U10,U10,S02001601,location_interaction,location_x_income_deprivation,-0.9014431976136648,47.9442318501814,47.9442318501814,0.0,0.3181084990501404,0.32340142130851746,0.35849013924598694,target_iz_local
2023-02-25,2023-03-04,U10,U10,S02001601,location_interaction,location_x_employment_deprivation,-0.0700722478684897,47.9442318501814,47.9442318501814,0.0,0.3181084990501404,0.32340142130851746,0.35849013924598694,target_iz_local
2023-02-25,2023-03-04,U10,U10,S02001601,location_interaction,location_x_higher_education,-0.1750010592596814,47.9442318501814,47.9442318501814,0.0,0.3181084990501404,0.32340142130851746,0.35849013924598694,target_iz_local
2023-02-25,2023-03-04,U10,U10,S02001601,location_interaction,location_x_overcrowding,-0.9044773203986036,47.9442318501814,47.9442318501814,0.0,0.3181084990501404,0.32340142130851746,0.35849013924598694,target_iz_local
2023-02-25,2023-03-04,U10,U10,S02001601,location_interaction,location_x_crime,-0.2543221019563204,47.9442318501814,47.9442318501814,0.0,0.3181084990501404,0.32340142130851746,0.35849013924598694,target_iz_local
2023-02-25,2023-03-04,U10,U10,S02001601,location_interaction,location_x_public_transport_time_to_gp,4.134507025991161,47.9442318501814,47.9442318501814,0.0,0.3181084990501404,0.32340142130851746,0.35849013924598694,target_iz_local
2023-02-25,2023-03-04,U10,U10,S02001602,baseline,baseline,39.23950692169783,49.28509255402204,49.28509255402204,7.105427357601002e-15,0.3181084990501404,0.32340142130851746,0.35849013924598694,target_iz_local
2023-02-25,2023-03-04,U10,U10,S02001602,main,income_deprivation,6.139330173674112,49.28509255402204,49.28509255402204,7.105427357601002e-15,0.3181084990501404,0.32340142130851746,0.35849013924598694,target_iz_local
2023-02-25,2023-03-04,U10,U10,S02001602,main,employment_deprivation,0.2266662688482342,49.28509255402204,49.28509255402204,7.105427357601002e-15,0.3181084990501404,0.32340142130851746,0.35849013924598694,target_iz_local
2023-02-25,2023-03-04,U10,U10,S02001602,main,higher_education,0.542512076241623,49.28509255402204,49.28509255402204,7.105427357601002e-15,0.3181084990501404,0.32340142130851746,0.35849013924598694,target_iz_local
2023-02-25,2023-03-04,U10,U10,S02001602,main,overcrowding,0.2335089456467297,49.28509255402204,49.28509255402204,7.105427357601002e-15,0.3181084990501404,0.32340142130851746,0.35849013924598694,target_iz_local
2023-02-25,2023-03-04,U10,U10,S02001602,main,crime,1.3459333510625973,49.28509255402204,49.28509255402204,7.105427357601002e-15,0.3181084990501404,0.32340142130851746,0.35849013924598694,target_iz_local
2023-02-25,2023-03-04,U10,U10,S02001602,main,public_transport_time_to_gp,-0.0533377874465256,49.28509255402204,49.28509255402204,7.105427357601002e-15,0.3181084990501404,0.32340142130851746,0.35849013924598694,target_iz_local
2023-02-25,2023-03-04,U10,U10,S02001602,location,location,-3.144466191246407,49.28509255402204,49.28509255402204,7.105427357601002e-15,0.3181084990501404,0.32340142130851746,0.35849013924598694,target_iz_local
2023-02-25,2023-03-04,U10,U10,S02001602,location_interaction,location_x_income_deprivation,4.187551825387112,49.28509255402204,49.28509255402204,7.105427357601002e-15,0.3181084990501404,0.32340142130851746,0.35849013924598694,target_iz_local
2023-02-25,2023-03-04,U10,U10,S02001602,location_interaction,location_x_employment_deprivation,-0.9819660095941412,49.28509255402204,49.28509255402204,7.105427357601002e-15,0.3181084990501404,0.32340142130851746,0.35849013924598694,target_iz_local
2023-02-25,2023-03-04,U10,U10,S02001602,location_interaction,location_x_higher_education,0.6408899398077166,49.28509255402204,49.28509255402204,7.105427357601002e-15,0.3181084990501404,0.32340142130851746,0.35849013924598694,target_iz_local
2023-02-25,2023-03-04,U10,U10,S02001602,location_interaction,location_x_overcrowding,1.4552916299729264,49.28509255402204,49.28509255402204,7.105427357601002e-15,0.3181084990501404,0.32340142130851746,0.35849013924598694,target_iz_local
2023-02-25,2023-03-04,U10,U10,S02001602,location_interaction,location_x_crime,-0.483984048025951,49.28509255402204,49.28509255402204,7.105427357601002e-15,0.3181084990501404,0.32340142130851746,0.35849013924598694,target_iz_local
2023-02-25,2023-03-04,U10,U10,S02001602,location_interaction,location_x_public_transport_time_to_gp,-0.0623445420038056,49.28509255402204,49.28509255402204,7.105427357601002e-15,0.3181084990501404,0.32340142130851746,0.35849013924598694,target_iz_local
2023-02-25,2023-03-04,U10,U10,S02001603,baseline,baseline,41.79674152508533,45.86522678509509,45.86522678509509,0.0,0.3181084990501404,0.32340142130851746,0.35849013924598694,target_iz_local
2023-02-25,2023-03-04,U10,U10,S02001603,main,income_deprivation,2.6403730619521464,45.86522678509509,45.86522678509509,0.0,0.3181084990501404,0.32340142130851746,0.35849013924598694,target_iz_local
2023-02-25,2023-03-04,U10,U10,S02001603,main,employment_deprivation,-0.5342294783819336,45.86522678509509,45.86522678509509,0.0,0.3181084990501404,0.32340142130851746,0.35849013924598694,target_iz_local
2023-02-25,2023-03-04,U10,U10,S02001603,main,higher_education,0.1569620359511586,45.86522678509509,45.86522678509509,0.0,0.3181084990501404,0.32340142130851746,0.35849013924598694,target_iz_local
2023-02-25,2023-03-04,U10,U10,S02001603,main,overcrowding,0.0267585663568398,45.86522678509509,45.86522678509509,0.0,0.3181084990501404,0.32340142130851746,0.35849013924598694,target_iz_local
2023-02-25,2023-03-04,U10,U10,S02001603,main,crime,0.3984029996962792,45.86522678509509,45.86522678509509,0.0,0.3181084990501404,0.32340142130851746,0.35849013924598694,target_iz_local
2023-02-25,2023-03-04,U10,U10,S02001603,main,public_transport_time_to_gp,0.1721345174880244,45.86522678509509,45.86522678509509,0.0,0.3181084990501404,0.32340142130851746,0.35849013924598694,target_iz_local
2023-02-25,2023-03-04,U10,U10,S02001603,location,location,-4.137516339619969,45.86522678509509,45.86522678509509,0.0,0.3181084990501404,0.32340142130851746,0.35849013924598694,target_iz_local
2023-02-25,2023-03-04,U10,U10,S02001603,location_interaction,location_x_income_deprivation,4.376625864846361,45.86522678509509,45.86522678509509,0.0,0.3181084990501404,0.32340142130851746,0.35849013924598694,target_iz_local
2023-02-25,2023-03-04,U10,U10,S02001603,location_interaction,location_x_employment_deprivation,-0.9686762083144348,45.86522678509509,45.86522678509509,0.0,0.3181084990501404,0.32340142130851746,0.35849013924598694,target_iz_local
2023-02-25,2023-03-04,U10,U10,S02001603,location_interaction,location_x_higher_education,0.570400882902604,45.86522678509509,45.86522678509509,0.0,0.3181084990501404,0.32340142130851746,0.35849013924598694,target_iz_local
2023-02-25,2023-03-04,U10,U10,S02001603,location_interaction,location_x_overcrowding,1.3311191967555476,45.86522678509509,45.86522678509509,0.0,0.3181084990501404,0.32340142130851746,0.35849013924598694,target_iz_local
2023-02-25,2023-03-04,U10,U10,S02001603,location_interaction,location_x_crime,-0.312058662232899,45.86522678509509,45.86522678509509,0.0,0.3181084990501404,0.32340142130851746,0.35849013924598694,target_iz_local
2023-02-25,2023-03-04,U10,U10,S02001603,location_interaction,location_x_public_transport_time_to_gp,0.3481888226100411,45.86522678509509,45.86522678509509,0.0,0.3181084990501404,0.32340142130851746,0.35849013924598694,target_iz_local
2023-02-25,2023-03-04,U10,U10,S02001604,baseline,baseline,41.22400791576388,48.13082821300509,48.13082821300509,0.0,0.3181084990501404,0.32340142130851746,0.35849013924598694,target_iz_local
2023-02-25,2023-03-04,U10,U10,S02001604,main,income_deprivation,3.0183360690162435,48.13082821300509,48.13082821300509,0.0,0.3181084990501404,0.32340142130851746,0.35849013924598694,target_iz_local
2023-02-25,2023-03-04,U10,U10,S02001604,main,employment_deprivation,-0.0513499305361853,48.13082821300509,48.13082821300509,0.0,0.3181084990501404,0.32340142130851746,0.35849013924598694,target_iz_local
2023-02-25,2023-03-04,U10,U10,S02001604,main,higher_education,0.1593613579159647,48.13082821300509,48.13082821300509,0.0,0.3181084990501404,0.32340142130851746,0.35849013924598694,target_iz_local
2023-02-25,2023-03-04,U10,U10,S02001604,main,overcrowding,0.1561096463884624,48.13082821300509,48.13082821300509,0.0,0.3181084990501404,0.32340142130851746,0.35849013924598694,target_iz_local
2023-02-25,2023-03-04,U10,U10,S02001604,main,crime,0.8745015734717957,48.13082821300509,48.13082821300509,0.0,0.3181084990501404,0.32340142130851746,0.35849013924598694,target_iz_local
2023-02-25,2023-03-04,U10,U10,S02001604,main,public_transport_time_to_gp,0.6778256370907736,48.13082821300509,48.13082821300509,0.0,0.3181084990501404,0.32340142130851746,0.35849013924598694,target_iz_local
2023-02-25,2023-03-04,U10,U10,S02001604,location,location,-3.555449267796121,48.13082821300509,48.13082821300509,0.0,0.3181084990501404,0.32340142130851746,0.35849013924598694,target_iz_local
2023-02-25,2023-03-04,U10,U10,S02001604,location_interaction,location_x_income_deprivation,4.279933198293039,48.13082821300509,48.13082821300509,0.0,0.3181084990501404,0.32340142130851746,0.35849013924598694,target_iz_local
2023-02-25,2023-03-04,U10,U10,S02001604,location_interaction,location_x_employment_deprivation,-0.5679551124572662,48.13082821300509,48.13082821300509,0.0,0.3181084990501404,0.32340142130851746,0.35849013924598694,target_iz_local
2023-02-25,2023-03-04,U10,U10,S02001604,location_interaction,location_x_higher_education,0.2012180010477774,48.13082821300509,48.13082821300509,0.0,0.3181084990501404,0.32340142130851746,0.35849013924598694,target_iz_local
2023-02-25,2023-03-04,U10,U10,S02001604,location_interaction,location_x_overcrowding,0.9665615717569994,48.13082821300509,48.13082821300509,0.0,0.3181084990501404,0.32340142130851746,0.35849013924598694,target_iz_local
2023-02-25,2023-03-04,U10,U10,S02001604,location_interaction,location_x_crime,-0.3554790496826142,48.13082821300509,48.13082821300509,0.0,0.3181084990501404,0.32340142130851746,0.35849013924598694,target_iz_local
2023-02-25,2023-03-04,U10,U10,S02001604,location_interaction,location_x_public_transport_time_to_gp,1.1032066027323422,48.13082821300509,48.13082821300509,0.0,0.3181084990501404,0.32340142130851746,0.35849013924598694,target_iz_local
2023-02-25,2023-03-04,U10,U10,S02001605,baseline,baseline,42.092848598975,50.62118226291543,50.62118226291543,7.105427357601002e-15,0.3181084990501404,0.32340142130851746,0.35849013924598694,target_iz_local
2023-02-25,2023-03-04,U10,U10,S02001605,main,income_deprivation,6.44732140586492,50.62118226291543,50.62118226291543,7.105427357601002e-15,0.3181084990501404,0.32340142130851746,0.35849013924598694,target_iz_local
2023-02-25,2023-03-04,U10,U10,S02001605,main,employment_deprivation,-1.81084029788064,50.62118226291543,50.62118226291543,7.105427357601002e-15,0.3181084990501404,0.32340142130851746,0.35849013924598694,target_iz_local
2023-02-25,2023-03-04,U10,U10,S02001605,main,higher_education,0.2963368007114889,50.62118226291543,50.62118226291543,7.105427357601002e-15,0.3181084990501404,0.32340142130851746,0.35849013924598694,target_iz_local
2023-02-25,2023-03-04,U10,U10,S02001605,main,overcrowding,0.076036952790756,50.62118226291543,50.62118226291543,7.105427357601002e-15,0.3181084990501404,0.32340142130851746,0.35849013924598694,target_iz_local
2023-02-25,2023-03-04,U10,U10,S02001605,main,crime,2.282474572317948,50.62118226291543,50.62118226291543,7.105427357601002e-15,0.3181084990501404,0.32340142130851746,0.35849013924598694,target_iz_local
2023-02-25,2023-03-04,U10,U10,S02001605,main,public_transport_time_to_gp,0.3867373057774131,50.62118226291543,50.62118226291543,7.105427357601002e-15,0.3181084990501404,0.32340142130851746,0.35849013924598694,target_iz_local
2023-02-25,2023-03-04,U10,U10,S02001605,location,location,-1.879701410021109,50.62118226291543,50.62118226291543,7.105427357601002e-15,0.3181084990501404,0.32340142130851746,0.35849013924598694,target_iz_local
2023-02-25,2023-03-04,U10,U10,S02001605,location_interaction,location_x_income_deprivation,2.97450280870708,50.62118226291543,50.62118226291543,7.105427357601002e-15,0.3181084990501404,0.32340142130851746,0.35849013924598694,target_iz_local
2023-02-25,2023-03-04,U10,U10,S02001605,location_interaction,location_x_employment_deprivation,-1.3228736650375958,50.62118226291543,50.62118226291543,7.105427357601002e-15,0.3181084990501404,0.32340142130851746,0.35849013924598694,target_iz_local
2023-02-25,2023-03-04,U10,U10,S02001605,location_interaction,location_x_higher_education,0.7219488688877763,50.62118226291543,50.62118226291543,7.105427357601002e-15,0.3181084990501404,0.32340142130851746,0.35849013924598694,target_iz_local
2023-02-25,2023-03-04,U10,U10,S02001605,location_interaction,location_x_overcrowding,1.0496175675165134,50.62118226291543,50.62118226291543,7.105427357601002e-15,0.3181084990501404,0.32340142130851746,0.35849013924598694,target_iz_local
2023-02-25,2023-03-04,U10,U10,S02001605,location_interaction,location_x_crime,-1.1856835774013026,50.62118226291543,50.62118226291543,7.105427357601002e-15,0.3181084990501404,0.32340142130851746,0.35849013924598694,target_iz_local
2023-02-25,2023-03-04,U10,U10,S02001605,location_interaction,location_x_public_transport_time_to_gp,0.4924563317071816,50.62118226291543,50.62118226291543,7.105427357601002e-15,0.3181084990501404,0.32340142130851746,0.35849013924598694,target_iz_local
2023-02-25,2023-03-04,U10,U10,S02001606,baseline,baseline,45.94516596944325,42.330204345297744,42.330204345297744,0.0,0.3181084990501404,0.32340142130851746,0.35849013924598694,target_iz_local
2023-02-25,2023-03-04,U10,U10,S02001606,main,income_deprivation,-0.5794796898251526,42.330204345297744,42.330204345297744,0.0,0.3181084990501404,0.32340142130851746,0.35849013924598694,target_iz_local
2023-02-25,2023-03-04,U10,U10,S02001606,main,employment_deprivation,-0.1699897084917346,42.330204345297744,42.330204345297744,0.0,0.3181084990501404,0.32340142130851746,0.35849013924598694,target_iz_local
2023-02-25,2023-03-04,U10,U10,S02001606,main,higher_education,-0.92355222247896,42.330204345297744,42.330204345297744,0.0,0.3181084990501404,0.32340142130851746,0.35849013924598694,target_iz_local
2023-02-25,2023-03-04,U10,U10,S02001606,main,overcrowding,0.1196723983401353,42.330204345297744,42.330204345297744,0.0,0.3181084990501404,0.32340142130851746,0.35849013924598694,target_iz_local
2023-02-25,2023-03-04,U10,U10,S02001606,main,crime,-0.0721745127723329,42.330204345297744,42.330204345297744,0.0,0.3181084990501404,0.32340142130851746,0.35849013924598694,target_iz_local
2023-02-25,2023-03-04,U10,U10,S02001606,main,public_transport_time_to_gp,1.3264588719322623,42.330204345297744,42.330204345297744,0.0,0.3181084990501404,0.32340142130851746,0.35849013924598694,target_iz_local
2023-02-25,2023-03-04,U10,U10,S02001606,location,location,-3.88863708405269,42.330204345297744,42.330204345297744,0.0,0.3181084990501404,0.32340142130851746,0.35849013924598694,target_iz_local
2023-02-25,2023-03-04,U10,U10,S02001606,location_interaction,location_x_income_deprivation,-0.2353867122105135,42.330204345297744,42.330204345297744,0.0,0.3181084990501404,0.32340142130851746,0.35849013924598694,target_iz_local
2023-02-25,2023-03-04,U10,U10,S02001606,location_interaction,location_x_employment_deprivation,-0.0449887184869652,42.330204345297744,42.330204345297744,0.0,0.3181084990501404,0.32340142130851746,0.35849013924598694,target_iz_local
2023-02-25,2023-03-04,U10,U10,S02001606,location_interaction,location_x_higher_education,0.8140080860682937,42.330204345297744,42.330204345297744,0.0,0.3181084990501404,0.32340142130851746,0.35849013924598694,target_iz_local
2023-02-25,2023-03-04,U10,U10,S02001606,location_interaction,location_x_overcrowding,-0.7875375974745968,42.330204345297744,42.330204345297744,0.0,0.3181084990501404,0.32340142130851746,0.35849013924598694,target_iz_local
2023-02-25,2023-03-04,U10,U10,S02001606,location_interaction,location_x_crime,-0.0516172318231452,42.330204345297744,42.330204345297744,0.0,0.3181084990501404,0.32340142130851746,0.35849013924598694,target_iz_local
2023-02-25,2023-03-04,U10,U10,S02001606,location_interaction,location_x_public_transport_time_to_gp,0.8782624971298914,42.330204345297744,42.330204345297744,0.0,0.3181084990501404,0.32340142130851746,0.35849013924598694,target_iz_local
2023-02-25,2023-03-04,U10,U10,S02001607,baseline,baseline,56.04140564400686,50.93969055611623,50.93969055611623,0.0,0.3181084990501404,0.32340142130851746,0.35849013924598694,target_iz_local
2023-02-25,2023-03-04,U10,U10,S02001607,main,income_deprivation,-0.0381607055664051,50.93969055611623,50.93969055611623,0.0,0.3181084990501404,0.32340142130851746,0.35849013924598694,target_iz_local
2023-02-25,2023-03-04,U10,U10,S02001607,main,employment_deprivation,-0.3099411010742182,50.93969055611623,50.93969055611623,0.0,0.3181084990501404,0.32340142130851746,0.35849013924598694,target_iz_local
2023-02-25,2023-03-04,U10,U10,S02001607,main,higher_education,-1.5030446370442798,50.93969055611623,50.93969055611623,0.0,0.3181084990501404,0.32340142130851746,0.35849013924598694,target_iz_local
2023-02-25,2023-03-04,U10,U10,S02001607,main,overcrowding,-0.0410273234049469,50.93969055611623,50.93969055611623,0.0,0.3181084990501404,0.32340142130851746,0.35849013924598694,target_iz_local
2023-02-25,2023-03-04,U10,U10,S02001607,main,crime,0.0152725219726603,50.93969055611623,50.93969055611623,0.0,0.3181084990501404,0.32340142130851746,0.35849013924598694,target_iz_local
2023-02-25,2023-03-04,U10,U10,S02001607,main,public_transport_time_to_gp,-0.4266240437825514,50.93969055611623,50.93969055611623,0.0,0.3181084990501404,0.32340142130851746,0.35849013924598694,target_iz_local
2023-02-25,2023-03-04,U10,U10,S02001607,location,location,-3.520479474748896,50.93969055611623,50.93969055611623,0.0,0.3181084990501404,0.32340142130851746,0.35849013924598694,target_iz_local
2023-02-25,2023-03-04,U10,U10,S02001607,location_interaction,location_x_income_deprivation,0.0113529023670028,50.93969055611623,50.93969055611623,0.0,0.3181084990501404,0.32340142130851746,0.35849013924598694,target_iz_local
2023-02-25,2023-03-04,U10,U10,S02001607,location_interaction,location_x_employment_deprivation,-0.0772874378022679,50.93969055611623,50.93969055611623,0.0,0.3181084990501404,0.32340142130851746,0.35849013924598694,target_iz_local
2023-02-25,2023-03-04,U10,U10,S02001607,location_interaction,location_x_higher_education,1.4012403942289926,50.93969055611623,50.93969055611623,0.0,0.3181084990501404,0.32340142130851746,0.35849013924598694,target_iz_local
2023-02-25,2023-03-04,U10,U10,S02001607,location_interaction,location_x_overcrowding,-0.5503343128022709,50.93969055611623,50.93969055611623,0.0,0.3181084990501404,0.32340142130851746,0.35849013924598694,target_iz_local
2023-02-25,2023-03-04,U10,U10,S02001607,location_interaction,location_x_crime,0.0013416108630934,50.93969055611623,50.93969055611623,0.0,0.3181084990501404,0.32340142130851746,0.35849013924598694,target_iz_local
2023-02-25,2023-03-04,U10,U10,S02001607,location_interaction,location_x_public_transport_time_to_gp,-0.0640234810965387,50.93969055611623,50.93969055611623,0.0,0.3181084990501404,0.32340142130851746,0.35849013924598694,target_iz_local
2023-02-25,2023-03-04,U10,U10,S02001608,baseline,baseline,41.852531165677966,49.5002267070598,49.5002267070598,0.0,0.3181084990501404,0.32340142130851746,0.35849013924598694,target_iz_local
2023-02-25,2023-03-04,U10,U10,S02001608,main,income_deprivation,3.7273720922924407,49.5002267070598,49.5002267070598,0.0,0.3181084990501404,0.32340142130851746,0.35849013924598694,target_iz_local
2023-02-25,2023-03-04,U10,U10,S02001608,main,employment_deprivation,-0.3747929709298309,49.5002267070598,49.5002267070598,0.0,0.3181084990501404,0.32340142130851746,0.35849013924598694,target_iz_local
2023-02-25,2023-03-04,U10,U10,S02001608,main,higher_education,0.373984482174825,49.5002267070598,49.5002267070598,0.0,0.3181084990501404,0.32340142130851746,0.35849013924598694,target_iz_local
2023-02-25,2023-03-04,U10,U10,S02001608,main,overcrowding,-0.1220493134998186,49.5002267070598,49.5002267070598,0.0,0.3181084990501404,0.32340142130851746,0.35849013924598694,target_iz_local
2023-02-25,2023-03-04,U10,U10,S02001608,main,crime,0.0713838441031294,49.5002267070598,49.5002267070598,0.0,0.3181084990501404,0.32340142130851746,0.35849013924598694,target_iz_local
2023-02-25,2023-03-04,U10,U10,S02001608,main,public_transport_time_to_gp,0.6181412560599205,49.5002267070598,49.5002267070598,0.0,0.3181084990501404,0.32340142130851746,0.35849013924598694,target_iz_local
2023-02-25,2023-03-04,U10,U10,S02001608,location,location,-3.3868222009568134,49.5002267070598,49.5002267070598,0.0,0.3181084990501404,0.32340142130851746,0.35849013924598694,target_iz_local
2023-02-25,2023-03-04,U10,U10,S02001608,location_interaction,location_x_income_deprivation,5.544905730656201,49.5002267070598,49.5002267070598,0.0,0.3181084990501404,0.32340142130851746,0.35849013924598694,target_iz_local
2023-02-25,2023-03-04,U10,U10,S02001608,location_interaction,location_x_employment_deprivation,-0.2728225980486125,49.5002267070598,49.5002267070598,0.0,0.3181084990501404,0.32340142130851746,0.35849013924598694,target_iz_local
2023-02-25,2023-03-04,U10,U10,S02001608,location_interaction,location_x_higher_education,0.0995257105146191,49.5002267070598,49.5002267070598,0.0,0.3181084990501404,0.32340142130851746,0.35849013924598694,target_iz_local
2023-02-25,2023-03-04,U10,U10,S02001608,location_interaction,location_x_overcrowding,0.7766769772484262,49.5002267070598,49.5002267070598,0.0,0.3181084990501404,0.32340142130851746,0.35849013924598694,target_iz_local
2023-02-25,2023-03-04,U10,U10,S02001608,location_interaction,location_x_crime,0.0270179476056818,49.5002267070598,49.5002267070598,0.0,0.3181084990501404,0.32340142130851746,0.35849013924598694,target_iz_local
2023-02-25,2023-03-04,U10,U10,S02001608,location_interaction,location_x_public_transport_time_to_gp,0.5651745841616684,49.5002267070598,49.5002267070598,0.0,0.3181084990501404,0.32340142130851746,0.35849013924598694,target_iz_local
2023-02-25,2023-03-04,U10,U10,S02001609,baseline,baseline,28.43299016878092,24.3792782776066,24.3792782776066,0.0,0.3181084990501404,0.32340142130851746,0.35849013924598694,target_iz_local
2023-02-25,2023-03-04,U10,U10,S02001609,main,income_deprivation,-1.009909407297772,24.3792782776066,24.3792782776066,0.0,0.3181084990501404,0.32340142130851746,0.35849013924598694,target_iz_local
2023-02-25,2023-03-04,U10,U10,S02001609,main,employment_deprivation,-0.0330763181050597,24.3792782776066,24.3792782776066,0.0,0.3181084990501404,0.32340142130851746,0.35849013924598694,target_iz_local
2023-02-25,2023-03-04,U10,U10,S02001609,main,higher_education,-3.905180581410741,24.3792782776066,24.3792782776066,0.0,0.3181084990501404,0.32340142130851746,0.35849013924598694,target_iz_local
2023-02-25,2023-03-04,U10,U10,S02001609,main,overcrowding,1.0926726977030508,24.3792782776066,24.3792782776066,0.0,0.3181084990501404,0.32340142130851746,0.35849013924598694,target_iz_local
2023-02-25,2023-03-04,U10,U10,S02001609,main,crime,0.1754819552103686,24.3792782776066,24.3792782776066,0.0,0.3181084990501404,0.32340142130851746,0.35849013924598694,target_iz_local
2023-02-25,2023-03-04,U10,U10,S02001609,main,public_transport_time_to_gp,0.6343418121337945,24.3792782776066,24.3792782776066,0.0,0.3181084990501404,0.32340142130851746,0.35849013924598694,target_iz_local
2023-02-25,2023-03-04,U10,U10,S02001609,location,location,-1.9378950618562325,24.3792782776066,24.3792782776066,0.0,0.3181084990501404,0.32340142130851746,0.35849013924598694,target_iz_local
2023-02-25,2023-03-04,U10,U10,S02001609,location_interaction,location_x_income_deprivation,0.1641477085295209,24.3792782776066,24.3792782776066,0.0,0.3181084990501404,0.32340142130851746,0.35849013924598694,target_iz_local
2023-02-25,2023-03-04,U10,U10,S02001609,location_interaction,location_x_employment_deprivation,-0.162479673113142,24.3792782776066,24.3792782776066,0.0,0.3181084990501404,0.32340142130851746,0.35849013924598694,target_iz_local
2023-02-25,2023-03-04,U10,U10,S02001609,location_interaction,location_x_higher_education,1.2036642528715755,24.3792782776066,24.3792782776066,0.0,0.3181084990501404,0.32340142130851746,0.35849013924598694,target_iz_local
2023-02-25,2023-03-04,U10,U10,S02001609,location_interaction,location_x_overcrowding,-0.1737313770112611,24.3792782776066,24.3792782776066,0.0,0.3181084990501404,0.32340142130851746,0.35849013924598694,target_iz_local
2023-02-25,2023-03-04,U10,U10,S02001609,location_interaction,location_x_crime,-0.053636346544537,24.3792782776066,24.3792782776066,0.0,0.3181084990501404,0.32340142130851746,0.35849013924598694,target_iz_local
2023-02-25,2023-03-04,U10,U10,S02001609,location_interaction,location_x_public_transport_time_to_gp,-0.0481115522838825,24.3792782776066,24.3792782776066,0.0,0.3181084990501404,0.32340142130851746,0.35849013924598694,target_iz_local
2023-02-25,2023-03-04,U10,U10,S02001610,baseline,baseline,29.91721732664137,31.20602918911009,31.20602918911009,0.0,0.3181084990501404,0.32340142130851746,0.35849013924598694,target_iz_local
2023-02-25,2023-03-04,U10,U10,S02001610,main,income_deprivation,1.67389851255077,31.20602918911009,31.20602918911009,0.0,0.3181084990501404,0.32340142130851746,0.35849013924598694,target_iz_local
2023-02-25,2023-03-04,U10,U10,S02001610,main,employment_deprivation,-0.2875988280489349,31.20602918911009,31.20602918911009,0.0,0.3181084990501404,0.32340142130851746,0.35849013924598694,target_iz_local
2023-02-25,2023-03-04,U10,U10,S02001610,main,higher_education,0.2350237791027352,31.20602918911009,31.20602918911009,0.0,0.3181084990501404,0.32340142130851746,0.35849013924598694,target_iz_local
2023-02-25,2023-03-04,U10,U10,S02001610,main,overcrowding,-0.2148469930603397,31.20602918911009,31.20602918911009,0.0,0.3181084990501404,0.32340142130851746,0.35849013924598694,target_iz_local
2023-02-25,2023-03-04,U10,U10,S02001610,main,crime,-0.0296698764676144,31.20602918911009,31.20602918911009,0.0,0.3181084990501404,0.32340142130851746,0.35849013924598694,target_iz_local
2023-02-25,2023-03-04,U10,U10,S02001610,main,public_transport_time_to_gp,-0.818262154431574,31.20602918911009,31.20602918911009,0.0,0.3181084990501404,0.32340142130851746,0.35849013924598694,target_iz_local
2023-02-25,2023-03-04,U10,U10,S02001610,location,location,-2.255004519224175,31.20602918911009,31.20602918911009,0.0,0.3181084990501404,0.32340142130851746,0.35849013924598694,target_iz_local
2023-02-25,2023-03-04,U10,U10,S02001610,location_interaction,location_x_income_deprivation,1.3523910637412706,31.20602918911009,31.20602918911009,0.0,0.3181084990501404,0.32340142130851746,0.35849013924598694,target_iz_local
2023-02-25,2023-03-04,U10,U10,S02001610,location_interaction,location_x_employment_deprivation,0.1261611834878048,31.20602918911009,31.20602918911009,0.0,0.3181084990501404,0.32340142130851746,0.35849013924598694,target_iz_local
2023-02-25,2023-03-04,U10,U10,S02001610,location_interaction,location_x_higher_education,0.0558506901775087,31.20602918911009,31.20602918911009,0.0,0.3181084990501404,0.32340142130851746,0.35849013924598694,target_iz_local
2023-02-25,2023-03-04,U10,U10,S02001610,location_interaction,location_x_overcrowding,1.0563287323429489,31.20602918911009,31.20602918911009,0.0,0.3181084990501404,0.32340142130851746,0.35849013924598694,target_iz_local
2023-02-25,2023-03-04,U10,U10,S02001610,location_interaction,location_x_crime,-0.1322878901447552,31.20602918911009,31.20602918911009,0.0,0.3181084990501404,0.32340142130851746,0.35849013924598694,target_iz_local
2023-02-25,2023-03-04,U10,U10,S02001610,location_interaction,location_x_public_transport_time_to_gp,0.5268281624430753,31.20602918911009,31.20602918911009,0.0,0.3181084990501404,0.32340142130851746,0.35849013924598694,target_iz_local
2023-02-25,2023-03-04,U10,U10,S02001611,baseline,baseline,22.96845740716786,19.79965037744374,19.79965037744374,0.0,0.3181084990501404,0.32340142130851746,0.35849013924598694,target_iz_local
2023-02-25,2023-03-04,U10,U10,S02001611,main,income_deprivation,-1.390146684646611,19.79965037744374,19.79965037744374,0.0,0.3181084990501404,0.32340142130851746,0.35849013924598694,target_iz_local
2023-02-25,2023-03-04,U10,U10,S02001611,main,employment_deprivation,0.2929284731547065,19.79965037744374,19.79965037744374,0.0,0.3181084990501404,0.32340142130851746,0.35849013924598694,target_iz_local
2023-02-25,2023-03-04,U10,U10,S02001611,main,higher_education,0.2162939071655289,19.79965037744374,19.79965037744374,0.0,0.3181084990501404,0.32340142130851746,0.35849013924598694,target_iz_local
2023-02-25,2023-03-04,U10,U10,S02001611,main,overcrowding,-0.2075686613718677,19.79965037744374,19.79965037744374,0.0,0.3181084990501404,0.32340142130851746,0.35849013924598694,target_iz_local
2023-02-25,2023-03-04,U10,U10,S02001611,main,crime,0.5363717238108362,19.79965037744374,19.79965037744374,0.0,0.3181084990501404,0.32340142130851746,0.35849013924598694,target_iz_local
2023-02-25,2023-03-04,U10,U10,S02001611,main,public_transport_time_to_gp,-1.2807312806447395,19.79965037744374,19.79965037744374,0.0,0.3181084990501404,0.32340142130851746,0.35849013924598694,target_iz_local
2023-02-25,2023-03-04,U10,U10,S02001611,location,location,-0.3970634801047211,19.79965037744374,19.79965037744374,0.0,0.3181084990501404,0.32340142130851746,0.35849013924598694,target_iz_local
2023-02-25,2023-03-04,U10,U10,S02001611,location_interaction,location_x_income_deprivation,-0.6547487440563338,19.79965037744374,19.79965037744374,0.0,0.3181084990501404,0.32340142130851746,0.35849013924598694,target_iz_local
2023-02-25,2023-03-04,U10,U10,S02001611,location_interaction,location_x_employment_deprivation,0.0509459631783596,19.79965037744374,19.79965037744374,0.0,0.3181084990501404,0.32340142130851746,0.35849013924598694,target_iz_local
2023-02-25,2023-03-04,U10,U10,S02001611,location_interaction,location_x_higher_education,-0.0611925147828615,19.79965037744374,19.79965037744374,0.0,0.3181084990501404,0.32340142130851746,0.35849013924598694,target_iz_local
2023-02-25,2023-03-04,U10,U10,S02001611,location_interaction,location_x_overcrowding,0.0270808197203154,19.79965037744374,19.79965037744374,0.0,0.3181084990501404,0.32340142130851746,0.35849013924598694,target_iz_local
2023-02-25,2023-03-04,U10,U10,S02001611,location_interaction,location_x_crime,-0.4356920265016142,19.79965037744374,19.79965037744374,0.0,0.3181084990501404,0.32340142130851746,0.35849013924598694,target_iz_local
2023-02-25,2023-03-04,U10,U10,S02001611,location_interaction,location_x_public_transport_time_to_gp,0.1347154753548808,19.79965037744374,19.79965037744374,0.0,0.3181084990501404,0.32340142130851746,0.35849013924598694,target_iz_local
2023-02-25,2023-03-04,U10,U10,S02001612,baseline,baseline,26.022066710670437,21.163664458473164,21.163664458473164,3.552713678800501e-15,0.3181084990501404,0.32340142130851746,0.35849013924598694,target_iz_local
2023-02-25,2023-03-04,U10,U10,S02001612,main,income_deprivation,-1.4240664709182074,21.163664458473164,21.163664458473164,3.552713678800501e-15,0.3181084990501404,0.32340142130851746,0.35849013924598694,target_iz_local
2023-02-25,2023-03-04,U10,U10,S02001612,main,employment_deprivation,0.1234823317754869,21.163664458473164,21.163664458473164,3.552713678800501e-15,0.3181084990501404,0.32340142130851746,0.35849013924598694,target_iz_local
2023-02-25,2023-03-04,U10,U10,S02001612,main,higher_education,-3.742299897330162,21.163664458473164,21.163664458473164,3.552713678800501e-15,0.3181084990501404,0.32340142130851746,0.35849013924598694,target_iz_local
2023-02-25,2023-03-04,U10,U10,S02001612,main,overcrowding,0.7679336320786284,21.163664458473164,21.163664458473164,3.552713678800501e-15,0.3181084990501404,0.32340142130851746,0.35849013924598694,target_iz_local
2023-02-25,2023-03-04,U10,U10,S02001612,main,crime,0.5514637243180087,21.163664458473164,21.163664458473164,3.552713678800501e-15,0.3181084990501404,0.32340142130851746,0.35849013924598694,target_iz_local
2023-02-25,2023-03-04,U10,U10,S02001612,main,public_transport_time_to_gp,-0.270394888378319,21.163664458473164,21.163664458473164,3.552713678800501e-15,0.3181084990501404,0.32340142130851746,0.35849013924598694,target_iz_local
2023-02-25,2023-03-04,U10,U10,S02001612,location,location,-1.333787879489722,21.163664458473164,21.163664458473164,3.552713678800501e-15,0.3181084990501404,0.32340142130851746,0.35849013924598694,target_iz_local
2023-02-25,2023-03-04,U10,U10,S02001612,location_interaction,location_x_income_deprivation,0.3573107855660657,21.163664458473164,21.163664458473164,3.552713678800501e-15,0.3181084990501404,0.32340142130851746,0.35849013924598694,target_iz_local
2023-02-25,2023-03-04,U10,U10,S02001612,location_interaction,location_x_employment_deprivation,-0.3341199738638784,21.163664458473164,21.163664458473164,3.552713678800501e-15,0.3181084990501404,0.32340142130851746,0.35849013924598694,target_iz_local
2023-02-25,2023-03-04,U10,U10,S02001612,location_interaction,location_x_higher_education,0.7903191066923759,21.163664458473164,21.163664458473164,3.552713678800501e-15,0.3181084990501404,0.32340142130851746,0.35849013924598694,target_iz_local
2023-02-25,2023-03-04,U10,U10,S02001612,location_interaction,location_x_overcrowding,-0.1653001807984865,21.163664458473164,21.163664458473164,3.552713678800501e-15,0.3181084990501404,0.32340142130851746,0.35849013924598694,target_iz_local
2023-02-25,2023-03-04,U10,U10,S02001612,location_interaction,location_x_crime,-0.3334531170981309,21.163664458473164,21.163664458473164,3.552713678800501e-15,0.3181084990501404,0.32340142130851746,0.35849013924598694,target_iz_local
2023-02-25,2023-03-04,U10,U10,S02001612,location_interaction,location_x_public_transport_time_to_gp,0.1545105752490745,21.163664458473164,21.163664458473164,3.552713678800501e-15,0.3181084990501404,0.32340142130851746,0.35849013924598694,target_iz_local
2023-02-25,2023-03-04,U10,U10,S02001613,baseline,baseline,27.10994561092152,25.421816662709844,25.421816662709844,3.552713678800501e-15,0.3181084990501404,0.32340142130851746,0.35849013924598694,target_iz_local
2023-02-25,2023-03-04,U10,U10,S02001613,main,income_deprivation,-1.3128618683133864,25.421816662709844,25.421816662709844,3.552713678800501e-15,0.3181084990501404,0.32340142130851746,0.35849013924598694,target_iz_local
2023-02-25,2023-03-04,U10,U10,S02001613,main,employment_deprivation,0.3979964926129323,25.421816662709844,25.421816662709844,3.552713678800501e-15,0.3181084990501404,0.32340142130851746,0.35849013924598694,target_iz_local
2023-02-25,2023-03-04,U10,U10,S02001613,main,higher_education,-1.366805772554313,25.421816662709844,25.421816662709844,3.552713678800501e-15,0.3181084990501404,0.32340142130851746,0.35849013924598694,target_iz_local
2023-02-25,2023-03-04,U10,U10,S02001613,main,overcrowding,0.7807920251573898,25.421816662709844,25.421816662709844,3.552713678800501e-15,0.3181084990501404,0.32340142130851746,0.35849013924598694,target_iz_local
2023-02-25,2023-03-04,U10,U10,S02001613,main,crime,0.2905658040727917,25.421816662709844,25.421816662709844,3.552713678800501e-15,0.3181084990501404,0.32340142130851746,0.35849013924598694,target_iz_local
2023-02-25,2023-03-04,U10,U10,S02001613,main,public_transport_time_to_gp,-0.5308490719114037,25.421816662709844,25.421816662709844,3.552713678800501e-15,0.3181084990501404,0.32340142130851746,0.35849013924598694,target_iz_local
2023-02-25,2023-03-04,U10,U10,S02001613,location,location,-1.508604529925761,25.421816662709844,25.421816662709844,3.552713678800501e-15,0.3181084990501404,0.32340142130851746,0.35849013924598694,target_iz_local
2023-02-25,2023-03-04,U10,U10,S02001613,location_interaction,location_x_income_deprivation,0.2878596237727652,25.421816662709844,25.421816662709844,3.552713678800501e-15,0.3181084990501404,0.32340142130851746,0.35849013924598694,target_iz_local
2023-02-25,2023-03-04,U10,U10,S02001613,location_interaction,location_x_employment_deprivation,-0.5891340959639797,25.421816662709844,25.421816662709844,3.552713678800501e-15,0.3181084990501404,0.32340142130851746,0.35849013924598694,target_iz_local
2023-02-25,2023-03-04,U10,U10,S02001613,location_interaction,location_x_higher_education,0.3319877079555041,25.421816662709844,25.421816662709844,3.552713678800501e-15,0.3181084990501404,0.32340142130851746,0.35849013924598694,target_iz_local
2023-02-25,2023-03-04,U10,U10,S02001613,location_interaction,location_x_overcrowding,1.2514500629334169,25.421816662709844,25.421816662709844,3.552713678800501e-15,0.3181084990501404,0.32340142130851746,0.35849013924598694,target_iz_local
2023-02-25,2023-03-04,U10,U10,S02001613,location_interaction,location_x_crime,-0.3923626888365999,25.421816662709844,25.421816662709844,3.552713678800501e-15,0.3181084990501404,0.32340142130851746,0.35849013924598694,target_iz_local
2023-02-25,2023-03-04,U10,U10,S02001613,location_interaction,location_x_public_transport_time_to_gp,0.6718373627889741,25.421816662709844,25.421816662709844,3.552713678800501e-15,0.3181084990501404,0.32340142130851746,0.35849013924598694,target_iz_local
2023-02-25,2023-03-04,U10,U10,S02001614,baseline,baseline,33.34965220445234,32.74687663072187,32.74687663072187,0.0,0.3181084990501404,0.32340142130851746,0.35849013924598694,target_iz_local
2023-02-25,2023-03-04,U10,U10,S02001614,main,income_deprivation,-1.763944998241615,32.74687663072187,32.74687663072187,0.0,0.3181084990501404,0.32340142130851746,0.35849013924598694,target_iz_local
2023-02-25,2023-03-04,U10,U10,S02001614,main,employment_deprivation,0.6627639861333968,32.74687663072187,32.74687663072187,0.0,0.3181084990501404,0.32340142130851746,0.35849013924598694,target_iz_local
2023-02-25,2023-03-04,U10,U10,S02001614,main,higher_education,-0.0493506658644889,32.74687663072187,32.74687663072187,0.0,0.3181084990501404,0.32340142130851746,0.35849013924598694,target_iz_local
2023-02-25,2023-03-04,U10,U10,S02001614,main,overcrowding,0.7585393996465827,32.74687663072187,32.74687663072187,0.0,0.3181084990501404,0.32340142130851746,0.35849013924598694,target_iz_local
2023-02-25,2023-03-04,U10,U10,S02001614,main,crime,0.3090529850551085,32.74687663072187,32.74687663072187,0.0,0.3181084990501404,0.32340142130851746,0.35849013924598694,target_iz_local
2023-02-25,2023-03-04,U10,U10,S02001614,main,public_transport_time_to_gp,-0.8504473277500735,32.74687663072187,32.74687663072187,0.0,0.3181084990501404,0.32340142130851746,0.35849013924598694,target_iz_local
2023-02-25,2023-03-04,U10,U10,S02001614,location,location,-2.032376770746149,32.74687663072187,32.74687663072187,0.0,0.3181084990501404,0.32340142130851746,0.35849013924598694,target_iz_local
2023-02-25,2023-03-04,U10,U10,S02001614,location_interaction,location_x_income_deprivation,0.6875154676891617,32.74687663072187,32.74687663072187,0.0,0.3181084990501404,0.32340142130851746,0.35849013924598694,target_iz_local
2023-02-25,2023-03-04,U10,U10,S02001614,location_interaction,location_x_employment_deprivation,-0.3667047318958116,32.74687663072187,32.74687663072187,0.0,0.3181084990501404,0.32340142130851746,0.35849013924598694,target_iz_local
2023-02-25,2023-03-04,U10,U10,S02001614,location_interaction,location_x_higher_education,0.0103553953624898,32.74687663072187,32.74687663072187,0.0,0.3181084990501404,0.32340142130851746,0.35849013924598694,target_iz_local
2023-02-25,2023-03-04,U10,U10,S02001614,location_interaction,location_x_overcrowding,1.8563399178641136,32.74687663072187,32.74687663072187,0.0,0.3181084990501404,0.32340142130851746,0.35849013924598694,target_iz_local
2023-02-25,2023-03-04,U10,U10,S02001614,location_interaction,location_x_crime,-0.2178470429920021,32.74687663072187,32.74687663072187,0.0,0.3181084990501404,0.32340142130851746,0.35849013924598694,target_iz_local
2023-02-25,2023-03-04,U10,U10,S02001614,location_interaction,location_x_public_transport_time_to_gp,0.3933288120088185,32.74687663072187,32.74687663072187,0.0,0.3181084990501404,0.32340142130851746,0.35849013924598694,target_iz_local
2023-02-25,2023-03-04,U10,U10,S02001615,baseline,baseline,28.46562010852666,23.760051794928028,23.760051794928028,0.0,0.3181084990501404,0.32340142130851746,0.35849013924598694,target_iz_local
2023-02-25,2023-03-04,U10,U10,S02001615,main,income_deprivation,-1.1775950636182524,23.760051794928028,23.760051794928028,0.0,0.3181084990501404,0.32340142130851746,0.35849013924598694,target_iz_local
2023-02-25,2023-03-04,U10,U10,S02001615,main,employment_deprivation,0.0258455548967628,23.760051794928028,23.760051794928028,0.0,0.3181084990501404,0.32340142130851746,0.35849013924598694,target_iz_local
2023-02-25,2023-03-04,U10,U10,S02001615,main,higher_education,-3.814150989623308,23.760051794928028,23.760051794928028,0.0,0.3181084990501404,0.32340142130851746,0.35849013924598694,target_iz_local
2023-02-25,2023-03-04,U10,U10,S02001615,main,overcrowding,0.3758611156826961,23.760051794928028,23.760051794928028,0.0,0.3181084990501404,0.32340142130851746,0.35849013924598694,target_iz_local
2023-02-25,2023-03-04,U10,U10,S02001615,main,crime,0.2678811822618823,23.760051794928028,23.760051794928028,0.0,0.3181084990501404,0.32340142130851746,0.35849013924598694,target_iz_local
2023-02-25,2023-03-04,U10,U10,S02001615,main,public_transport_time_to_gp,-0.2586513882591599,23.760051794928028,23.760051794928028,0.0,0.3181084990501404,0.32340142130851746,0.35849013924598694,target_iz_local
2023-02-25,2023-03-04,U10,U10,S02001615,location,location,-2.098352904546837,23.760051794928028,23.760051794928028,0.0,0.3181084990501404,0.32340142130851746,0.35849013924598694,target_iz_local
2023-02-25,2023-03-04,U10,U10,S02001615,location_interaction,location_x_income_deprivation,0.4042218140193421,23.760051794928028,23.760051794928028,0.0,0.3181084990501404,0.32340142130851746,0.35849013924598694,target_iz_local
2023-02-25,2023-03-04,U10,U10,S02001615,location_interaction,location_x_employment_deprivation,-0.2213648069472512,23.760051794928028,23.760051794928028,0.0,0.3181084990501404,0.32340142130851746,0.35849013924598694,target_iz_local
2023-02-25,2023-03-04,U10,U10,S02001615,location_interaction,location_x_higher_education,2.0451027802058768,23.760051794928028,23.760051794928028,0.0,0.3181084990501404,0.32340142130851746,0.35849013924598694,target_iz_local
2023-02-25,2023-03-04,U10,U10,S02001615,location_interaction,location_x_overcrowding,-0.0403129327864895,23.760051794928028,23.760051794928028,0.0,0.3181084990501404,0.32340142130851746,0.35849013924598694,target_iz_local
2023-02-25,2023-03-04,U10,U10,S02001615,location_interaction,location_x_crime,-0.2039639541081075,23.760051794928028,23.760051794928028,0.0,0.3181084990501404,0.32340142130851746,0.35849013924598694,target_iz_local
2023-02-25,2023-03-04,U10,U10,S02001615,location_interaction,location_x_public_transport_time_to_gp,-0.0100887207757873,23.760051794928028,23.760051794928028,0.0,0.3181084990501404,0.32340142130851746,0.35849013924598694,target_iz_local
2023-02-25,2023-03-04,U10,U10,S02001616,baseline,baseline,31.88851476942213,27.538315070020275,27.538315070020275,0.0,0.3181084990501404,0.32340142130851746,0.35849013924598694,target_iz_local
2023-02-25,2023-03-04,U10,U10,S02001616,main,income_deprivation,-1.6492423965817478,27.538315070020275,27.538315070020275,0.0,0.3181084990501404,0.32340142130851746,0.35849013924598694,target_iz_local
2023-02-25,2023-03-04,U10,U10,S02001616,main,employment_deprivation,0.0275727635338199,27.538315070020275,27.538315070020275,0.0,0.3181084990501404,0.32340142130851746,0.35849013924598694,target_iz_local
2023-02-25,2023-03-04,U10,U10,S02001616,main,higher_education,-1.5542495364234616,27.538315070020275,27.538315070020275,0.0,0.3181084990501404,0.32340142130851746,0.35849013924598694,target_iz_local
2023-02-25,2023-03-04,U10,U10,S02001616,main,overcrowding,0.386075246901746,27.538315070020275,27.538315070020275,0.0,0.3181084990501404,0.32340142130851746,0.35849013924598694,target_iz_local
2023-02-25,2023-03-04,U10,U10,S02001616,main,crime,-0.0480933779761908,27.538315070020275,27.538315070020275,0.0,0.3181084990501404,0.32340142130851746,0.35849013924598694,target_iz_local
2023-02-25,2023-03-04,U10,U10,S02001616,main,public_transport_time_to_gp,-0.9762099220639152,27.538315070020275,27.538315070020275,0.0,0.3181084990501404,0.32340142130851746,0.35849013924598694,target_iz_local
2023-02-25,2023-03-04,U10,U10,S02001616,location,location,-1.4964369751158255,27.538315070020275,27.538315070020275,0.0,0.3181084990501404,0.32340142130851746,0.35849013924598694,target_iz_local
2023-02-25,2023-03-04,U10,U10,S02001616,location_interaction,location_x_income_deprivation,0.3144982315245216,27.538315070020275,27.538315070020275,0.0,0.3181084990501404,0.32340142130851746,0.35849013924598694,target_iz_local
2023-02-25,2023-03-04,U10,U10,S02001616,location_interaction,location_x_employment_deprivation,-0.0177506946382061,27.538315070020275,27.538315070020275,0.0,0.3181084990501404,0.32340142130851746,0.35849013924598694,target_iz_local
2023-02-25,2023-03-04,U10,U10,S02001616,location_interaction,location_x_higher_education,0.4893828846159513,27.538315070020275,27.538315070020275,0.0,0.3181084990501404,0.32340142130851746,0.35849013924598694,target_iz_local
2023-02-25,2023-03-04,U10,U10,S02001616,location_interaction,location_x_overcrowding,0.0629385448637395,27.538315070020275,27.538315070020275,0.0,0.3181084990501404,0.32340142130851746,0.35849013924598694,target_iz_local
2023-02-25,2023-03-04,U10,U10,S02001616,location_interaction,location_x_crime,0.0140452203296494,27.538315070020275,27.538315070020275,0.0,0.3181084990501404,0.32340142130851746,0.35849013924598694,target_iz_local
2023-02-25,2023-03-04,U10,U10,S02001616,location_interaction,location_x_public_transport_time_to_gp,0.0972703116280645,27.538315070020275,27.538315070020275,0.0,0.3181084990501404,0.32340142130851746,0.35849013924598694,target_iz_local
2023-02-25,2023-03-04,U10,U10,S02001617,baseline,baseline,22.589906789948994,20.06188450067287,20.06188450067287,0.0,0.3181084990501404,0.32340142130851746,0.35849013924598694,target_iz_local
2023-02-25,2023-03-04,U10,U10,S02001617,main,income_deprivation,-1.2043760163443489,20.06188450067287,20.06188450067287,0.0,0.3181084990501404,0.32340142130851746,0.35849013924598694,target_iz_local
2023-02-25,2023-03-04,U10,U10,S02001617,main,employment_deprivation,0.3764481601260983,20.06188450067287,20.06188450067287,0.0,0.3181084990501404,0.32340142130851746,0.35849013924598694,target_iz_local
2023-02-25,2023-03-04,U10,U10,S02001617,main,higher_education,0.5708217757088823,20.06188450067287,20.06188450067287,0.0,0.3181084990501404,0.32340142130851746,0.35849013924598694,target_iz_local
2023-02-25,2023-03-04,U10,U10,S02001617,main,overcrowding,-0.1357125543412697,20.06188450067287,20.06188450067287,0.0,0.3181084990501404,0.32340142130851746,0.35849013924598694,target_iz_local
2023-02-25,2023-03-04,U10,U10,S02001617,main,crime,0.3600939012709142,20.06188450067287,20.06188450067287,0.0,0.3181084990501404,0.32340142130851746,0.35849013924598694,target_iz_local
2023-02-25,2023-03-04,U10,U10,S02001617,main,public_transport_time_to_gp,-1.015391113644558,20.06188450067287,20.06188450067287,0.0,0.3181084990501404,0.32340142130851746,0.35849013924598694,target_iz_local
2023-02-25,2023-03-04,U10,U10,S02001617,location,location,-0.2417990843455003,20.06188450067287,20.06188450067287,0.0,0.3181084990501404,0.32340142130851746,0.35849013924598694,target_iz_local
2023-02-25,2023-03-04,U10,U10,S02001617,location_interaction,location_x_income_deprivation,-0.3735670225960807,20.06188450067287,20.06188450067287,0.0,0.3181084990501404,0.32340142130851746,0.35849013924598694,target_iz_local
2023-02-25,2023-03-04,U10,U10,S02001617,location_interaction,location_x_employment_deprivation,0.1163518610454717,20.06188450067287,20.06188450067287,0.0,0.3181084990501404,0.32340142130851746,0.35849013924598694,target_iz_local
2023-02-25,2023-03-04,U10,U10,S02001617,location_interaction,location_x_higher_education,-0.0880223648888743,20.06188450067287,20.06188450067287,0.0,0.3181084990501404,0.32340142130851746,0.35849013924598694,target_iz_local
2023-02-25,2023-03-04,U10,U10,S02001617,location_interaction,location_x_overcrowding,0.1432315372285378,20.06188450067287,20.06188450067287,0.0,0.3181084990501404,0.32340142130851746,0.35849013924598694,target_iz_local
2023-02-25,2023-03-04,U10,U10,S02001617,location_interaction,location_x_crime,-0.2354574180784698,20.06188450067287,20.06188450067287,0.0,0.3181084990501404,0.32340142130851746,0.35849013924598694,target_iz_local
2023-02-25,2023-03-04,U10,U10,S02001617,location_interaction,location_x_public_transport_time_to_gp,-0.8006439504169253,20.06188450067287,20.06188450067287,0.0,0.3181084990501404,0.32340142130851746,0.35849013924598694,target_iz_local
2023-02-25,2023-03-04,U10,U10,S02001618,baseline,baseline,31.509761376379927,33.17094377994438,33.17094377994438,0.0,0.3181084990501404,0.32340142130851746,0.35849013924598694,target_iz_local
2023-02-25,2023-03-04,U10,U10,S02001618,main,income_deprivation,-0.2646103268577965,33.17094377994438,33.17094377994438,0.0,0.3181084990501404,0.32340142130851746,0.35849013924598694,target_iz_local
2023-02-25,2023-03-04,U10,U10,S02001618,main,employment_deprivation,0.2414055778866721,33.17094377994438,33.17094377994438,0.0,0.3181084990501404,0.32340142130851746,0.35849013924598694,target_iz_local
2023-02-25,2023-03-04,U10,U10,S02001618,main,higher_education,1.6701946213131909,33.17094377994438,33.17094377994438,0.0,0.3181084990501404,0.32340142130851746,0.35849013924598694,target_iz_local
2023-02-25,2023-03-04,U10,U10,S02001618,main,overcrowding,0.5536153747921921,33.17094377994438,33.17094377994438,0.0,0.3181084990501404,0.32340142130851746,0.35849013924598694,target_iz_local
2023-02-25,2023-03-04,U10,U10,S02001618,main,crime,0.2264305705115911,33.17094377994438,33.17094377994438,0.0,0.3181084990501404,0.32340142130851746,0.35849013924598694,target_iz_local
2023-02-25,2023-03-04,U10,U10,S02001618,main,public_transport_time_to_gp,-0.5094473884219249,33.17094377994438,33.17094377994438,0.0,0.3181084990501404,0.32340142130851746,0.35849013924598694,target_iz_local
2023-02-25,2023-03-04,U10,U10,S02001618,location,location,-1.1362399964105558,33.17094377994438,33.17094377994438,0.0,0.3181084990501404,0.32340142130851746,0.35849013924598694,target_iz_local
2023-02-25,2023-03-04,U10,U10,S02001618,location_interaction,location_x_income_deprivation,0.0140849567595017,33.17094377994438,33.17094377994438,0.0,0.3181084990501404,0.32340142130851746,0.35849013924598694,target_iz_local
2023-02-25,2023-03-04,U10,U10,S02001618,location_interaction,location_x_employment_deprivation,0.0883760588509704,33.17094377994438,33.17094377994438,0.0,0.3181084990501404,0.32340142130851746,0.35849013924598694,target_iz_local
2023-02-25,2023-03-04,U10,U10,S02001618,location_interaction,location_x_higher_education,0.1178367750985238,33.17094377994438,33.17094377994438,0.0,0.3181084990501404,0.32340142130851746,0.35849013924598694,target_iz_local
2023-02-25,2023-03-04,U10,U10,S02001618,location_interaction,location_x_overcrowding,0.1012317475818434,33.17094377994438,33.17094377994438,0.0,0.3181084990501404,0.32340142130851746,0.35849013924598694,target_iz_local
2023-02-25,2023-03-04,U10,U10,S02001618,location_interaction,location_x_crime,-0.280589344387962,33.17094377994438,33.17094377994438,0.0,0.3181084990501404,0.32340142130851746,0.35849013924598694,target_iz_local
2023-02-25,2023-03-04,U10,U10,S02001618,location_interaction,location_x_public_transport_time_to_gp,0.838893776848207,33.17094377994438,33.17094377994438,0.0,0.3181084990501404,0.32340142130851746,0.35849013924598694,target_iz_local
2023-02-25,2023-03-04,U10,U10,S02001619,baseline,baseline,25.83126519972701,23.671220529622023,23.671220529622023,3.552713678800501e-15,0.3181084990501404,0.32340142130851746,0.35849013924598694,target_iz_local
2023-02-25,2023-03-04,U10,U10,S02001619,main,income_deprivation,1.1986945243108913,23.671220529622023,23.671220529622023,3.552713678800501e-15,0.3181084990501404,0.32340142130851746,0.35849013924598694,target_iz_local
2023-02-25,2023-03-04,U10,U10,S02001619,main,employment_deprivation,-0.9329640615554112,23.671220529622023,23.671220529622023,3.552713678800501e-15,0.3181084990501404,0.32340142130851746,0.35849013924598694,target_iz_local
2023-02-25,2023-03-04,U10,U10,S02001619,main,higher_education,-0.8135826020013747,23.671220529622023,23.671220529622023,3.552713678800501e-15,0.3181084990501404,0.32340142130851746,0.35849013924598694,target_iz_local
2023-02-25,2023-03-04,U10,U10,S02001619,main,overcrowding,-0.8752802440098384,23.671220529622023,23.671220529622023,3.552713678800501e-15,0.3181084990501404,0.32340142130851746,0.35849013924598694,target_iz_local
2023-02-25,2023-03-04,U10,U10,S02001619,main,crime,-0.355731796082996,23.671220529622023,23.671220529622023,3.552713678800501e-15,0.3181084990501404,0.32340142130851746,0.35849013924598694,target_iz_local
2023-02-25,2023-03-04,U10,U10,S02001619,main,public_transport_time_to_gp,-0.1215183485121958,23.671220529622023,23.671220529622023,3.552713678800501e-15,0.3181084990501404,0.32340142130851746,0.35849013924598694,target_iz_local
2023-02-25,2023-03-04,U10,U10,S02001619,location,location,-0.0104932058425181,23.671220529622023,23.671220529622023,3.552713678800501e-15,0.3181084990501404,0.32340142130851746,0.35849013924598694,target_iz_local
2023-02-25,2023-03-04,U10,U10,S02001619,location_interaction,location_x_income_deprivation,-0.8127907752990798,23.671220529622023,23.671220529622023,3.552713678800501e-15,0.3181084990501404,0.32340142130851746,0.35849013924598694,target_iz_local
2023-02-25,2023-03-04,U10,U10,S02001619,location_interaction,location_x_employment_deprivation,0.147206878662112,23.671220529622023,23.671220529622023,3.552713678800501e-15,0.3181084990501404,0.32340142130851746,0.35849013924598694,target_iz_local
2023-02-25,2023-03-04,U10,U10,S02001619,location_interaction,location_x_higher_education,0.1507749239603721,23.671220529622023,23.671220529622023,3.552713678800501e-15,0.3181084990501404,0.32340142130851746,0.35849013924598694,target_iz_local
2023-02-25,2023-03-04,U10,U10,S02001619,location_interaction,location_x_overcrowding,-0.6384235064188608,23.671220529622023,23.671220529622023,3.552713678800501e-15,0.3181084990501404,0.32340142130851746,0.35849013924598694,target_iz_local
2023-02-25,2023-03-04,U10,U10,S02001619,location_interaction,location_x_crime,0.3535418192545571,23.671220529622023,23.671220529622023,3.552713678800501e-15,0.3181084990501404,0.32340142130851746,0.35849013924598694,target_iz_local
2023-02-25,2023-03-04,U10,U10,S02001619,location_interaction,location_x_public_transport_time_to_gp,0.5505217234293618,23.671220529622023,23.671220529622023,3.552713678800501e-15,0.3181084990501404,0.32340142130851746,0.35849013924598694,target_iz_local
2023-02-25,2023-03-04,U10,U10,S02001620,baseline,baseline,22.21822877438007,22.478471236538272,22.478471236538272,0.0,0.3181084990501404,0.32340142130851746,0.35849013924598694,target_iz_local
2023-02-25,2023-03-04,U10,U10,S02001620,main,income_deprivation,0.4778623104095484,22.478471236538272,22.478471236538272,0.0,0.3181084990501404,0.32340142130851746,0.35849013924598694,target_iz_local
2023-02-25,2023-03-04,U10,U10,S02001620,main,employment_deprivation,-0.2568131446838391,22.478471236538272,22.478471236538272,0.0,0.3181084990501404,0.32340142130851746,0.35849013924598694,target_iz_local
2023-02-25,2023-03-04,U10,U10,S02001620,main,higher_education,-1.7852792947665564e-16,22.478471236538272,22.478471236538272,0.0,0.3181084990501404,0.32340142130851746,0.35849013924598694,target_iz_local
2023-02-25,2023-03-04,U10,U10,S02001620,main,overcrowding,-0.5511576652526881,22.478471236538272,22.478471236538272,0.0,0.3181084990501404,0.32340142130851746,0.35849013924598694,target_iz_local
2023-02-25,2023-03-04,U10,U10,S02001620,main,crime,-0.0222782929738364,22.478471236538272,22.478471236538272,0.0,0.3181084990501404,0.32340142130851746,0.35849013924598694,target_iz_local
2023-02-25,2023-03-04,U10,U10,S02001620,main,public_transport_time_to_gp,0.3153891245524103,22.478471236538272,22.478471236538272,0.0,0.3181084990501404,0.32340142130851746,0.35849013924598694,target_iz_local
2023-02-25,2023-03-04,U10,U10,S02001620,location,location,-0.2124440193176276,22.478471236538272,22.478471236538272,0.0,0.3181084990501404,0.32340142130851746,0.35849013924598694,target_iz_local
2023-02-25,2023-03-04,U10,U10,S02001620,location_interaction,location_x_income_deprivation,-0.4126516660054552,22.478471236538272,22.478471236538272,0.0,0.3181084990501404,0.32340142130851746,0.35849013924598694,target_iz_local
2023-02-25,2023-03-04,U10,U10,S02001620,location_interaction,location_x_employment_deprivation,0.1711885134379083,22.478471236538272,22.478471236538272,0.0,0.3181084990501404,0.32340142130851746,0.35849013924598694,target_iz_local
2023-02-25,2023-03-04,U10,U10,S02001620,location_interaction,location_x_higher_education,4.075542389095307e-16,22.478471236538272,22.478471236538272,0.0,0.3181084990501404,0.32340142130851746,0.35849013924598694,target_iz_local
2023-02-25,2023-03-04,U10,U10,S02001620,location_interaction,location_x_overcrowding,-0.0813991864522273,22.478471236538272,22.478471236538272,0.0,0.3181084990501404,0.32340142130851746,0.35849013924598694,target_iz_local
2023-02-25,2023-03-04,U10,U10,S02001620,location_interaction,location_x_crime,0.2261202971140547,22.478471236538272,22.478471236538272,0.0,0.3181084990501404,0.32340142130851746,0.35849013924598694,target_iz_local
2023-02-25,2023-03-04,U10,U10,S02001620,location_interaction,location_x_public_transport_time_to_gp,0.6064261913299548,22.478471236538272,22.478471236538272,0.0,0.3181084990501404,0.32340142130851746,0.35849013924598694,target_iz_local
2023-02-25,2023-03-04,U10,U10,S02001621,baseline,baseline,26.73571749043476,25.645524695634958,25.645524695634958,0.0,0.3181084990501404,0.32340142130851746,0.35849013924598694,target_iz_local
2023-02-25,2023-03-04,U10,U10,S02001621,main,income_deprivation,-0.4955435434977223,25.645524695634958,25.645524695634958,0.0,0.3181084990501404,0.32340142130851746,0.35849013924598694,target_iz_local
2023-02-25,2023-03-04,U10,U10,S02001621,main,employment_deprivation,0.1609242121378597,25.645524695634958,25.645524695634958,0.0,0.3181084990501404,0.32340142130851746,0.35849013924598694,target_iz_local
2023-02-25,2023-03-04,U10,U10,S02001621,main,higher_education,-2.589386145273852,25.645524695634958,25.645524695634958,0.0,0.3181084990501404,0.32340142130851746,0.35849013924598694,target_iz_local
2023-02-25,2023-03-04,U10,U10,S02001621,main,overcrowding,0.6210410435994502,25.645524695634958,25.645524695634958,0.0,0.3181084990501404,0.32340142130851746,0.35849013924598694,target_iz_local
2023-02-25,2023-03-04,U10,U10,S02001621,main,crime,-0.3904788335164391,25.645524695634958,25.645524695634958,0.0,0.3181084990501404,0.32340142130851746,0.35849013924598694,target_iz_local
2023-02-25,2023-03-04,U10,U10,S02001621,main,public_transport_time_to_gp,0.4107282320658396,25.645524695634958,25.645524695634958,0.0,0.3181084990501404,0.32340142130851746,0.35849013924598694,target_iz_local
2023-02-25,2023-03-04,U10,U10,S02001621,location,location,-1.5757904188973626,25.645524695634958,25.645524695634958,0.0,0.3181084990501404,0.32340142130851746,0.35849013924598694,target_iz_local
2023-02-25,2023-03-04,U10,U10,S02001621,location_interaction,location_x_income_deprivation,0.3194331668672134,25.645524695634958,25.645524695634958,0.0,0.3181084990501404,0.32340142130851746,0.35849013924598694,target_iz_local
2023-02-25,2023-03-04,U10,U10,S02001621,location_interaction,location_x_employment_deprivation,-0.2811486062549412,25.645524695634958,25.645524695634958,0.0,0.3181084990501404,0.32340142130851746,0.35849013924598694,target_iz_local
2023-02-25,2023-03-04,U10,U10,S02001621,location_interaction,location_x_higher_education,1.177344117845817,25.645524695634958,25.645524695634958,0.0,0.3181084990501404,0.32340142130851746,0.35849013924598694,target_iz_local
2023-02-25,2023-03-04,U10,U10,S02001621,location_interaction,location_x_overcrowding,0.275233064379008,25.645524695634958,25.645524695634958,0.0,0.3181084990501404,0.32340142130851746,0.35849013924598694,target_iz_local
2023-02-25,2023-03-04,U10,U10,S02001621,location_interaction,location_x_crime,0.5069442612784258,25.645524695634958,25.645524695634958,0.0,0.3181084990501404,0.32340142130851746,0.35849013924598694,target_iz_local
2023-02-25,2023-03-04,U10,U10,S02001621,location_interaction,location_x_public_transport_time_to_gp,0.770506654466899,25.645524695634958,25.645524695634958,0.0,0.3181084990501404,0.32340142130851746,0.35849013924598694,target_iz_local
2023-02-25,2023-03-04,U10,U10,S02001622,baseline,baseline,10.329427204764055,11.697737179434466,11.697737179434466,1.7763568394002505e-15,0.3181084990501404,0.32340142130851746,0.35849013924598694,target_iz_local
2023-02-25,2023-03-04,U10,U10,S02001622,main,income_deprivation,0.8794459723290967,11.697737179434466,11.697737179434466,1.7763568394002505e-15,0.3181084990501404,0.32340142130851746,0.35849013924598694,target_iz_local
2023-02-25,2023-03-04,U10,U10,S02001622,main,employment_deprivation,-0.2945733663581685,11.697737179434466,11.697737179434466,1.7763568394002505e-15,0.3181084990501404,0.32340142130851746,0.35849013924598694,target_iz_local
2023-02-25,2023-03-04,U10,U10,S02001622,main,higher_education,0.7426653725760354,11.697737179434466,11.697737179434466,1.7763568394002505e-15,0.3181084990501404,0.32340142130851746,0.35849013924598694,target_iz_local
2023-02-25,2023-03-04,U10,U10,S02001622,main,overcrowding,-0.2142498748643082,11.697737179434466,11.697737179434466,1.7763568394002505e-15,0.3181084990501404,0.32340142130851746,0.35849013924598694,target_iz_local
2023-02-25,2023-03-04,U10,U10,S02001622,main,crime,1.4460272036847668,11.697737179434466,11.697737179434466,1.7763568394002505e-15,0.3181084990501404,0.32340142130851746,0.35849013924598694,target_iz_local
2023-02-25,2023-03-04,U10,U10,S02001622,main,public_transport_time_to_gp,-0.6774058100723135,11.697737179434466,11.697737179434466,1.7763568394002505e-15,0.3181084990501404,0.32340142130851746,0.35849013924598694,target_iz_local
2023-02-25,2023-03-04,U10,U10,S02001622,location,location,0.6406933040845989,11.697737179434466,11.697737179434466,1.7763568394002505e-15,0.3181084990501404,0.32340142130851746,0.35849013924598694,target_iz_local
2023-02-25,2023-03-04,U10,U10,S02001622,location_interaction,location_x_income_deprivation,-0.207559864861627,11.697737179434466,11.697737179434466,1.7763568394002505e-15,0.3181084990501404,0.32340142130851746,0.35849013924598694,target_iz_local
2023-02-25,2023-03-04,U10,U10,S02001622,location_interaction,location_x_employment_deprivation,0.5716727980545598,11.697737179434466,11.697737179434466,1.7763568394002505e-15,0.3181084990501404,0.32340142130851746,0.35849013924598694,target_iz_local
2023-02-25,2023-03-04,U10,U10,S02001622,location_interaction,location_x_higher_education,-0.123449791613083,11.697737179434466,11.697737179434466,1.7763568394002505e-15,0.3181084990501404,0.32340142130851746,0.35849013924598694,target_iz_local
2023-02-25,2023-03-04,U10,U10,S02001622,location_interaction,location_x_overcrowding,0.2037359305790512,11.697737179434466,11.697737179434466,1.7763568394002505e-15,0.3181084990501404,0.32340142130851746,0.35849013924598694,target_iz_local
2023-02-25,2023-03-04,U10,U10,S02001622,location_interaction,location_x_crime,-0.981734195493522,11.697737179434466,11.697737179434466,1.7763568394002505e-15,0.3181084990501404,0.32340142130851746,0.35849013924598694,target_iz_local
2023-02-25,2023-03-04,U10,U10,S02001622,location_interaction,location_x_public_transport_time_to_gp,-0.6169577033746763,11.697737179434466,11.697737179434466,1.7763568394002505e-15,0.3181084990501404,0.32340142130851746,0.35849013924598694,target_iz_local
2023-02-25,2023-03-04,U10,U10,S02001623,baseline,baseline,16.723154775891096,18.553602926525866,18.553602926525866,0.0,0.3181084990501404,0.32340142130851746,0.35849013924598694,target_iz_local
2023-02-25,2023-03-04,U10,U10,S02001623,main,income_deprivation,1.7314142817542748,18.553602926525866,18.553602926525866,0.0,0.3181084990501404,0.32340142130851746,0.35849013924598694,target_iz_local
2023-02-25,2023-03-04,U10,U10,S02001623,main,employment_deprivation,-0.8597515151614291,18.553602926525866,18.553602926525866,0.0,0.3181084990501404,0.32340142130851746,0.35849013924598694,target_iz_local
2023-02-25,2023-03-04,U10,U10,S02001623,main,higher_education,0.2587192807878765,18.553602926525866,18.553602926525866,0.0,0.3181084990501404,0.32340142130851746,0.35849013924598694,target_iz_local
2023-02-25,2023-03-04,U10,U10,S02001623,main,overcrowding,-0.3767618224734373,18.553602926525866,18.553602926525866,0.0,0.3181084990501404,0.32340142130851746,0.35849013924598694,target_iz_local
2023-02-25,2023-03-04,U10,U10,S02001623,main,crime,0.2619256292070673,18.553602926525866,18.553602926525866,0.0,0.3181084990501404,0.32340142130851746,0.35849013924598694,target_iz_local
2023-02-25,2023-03-04,U10,U10,S02001623,main,public_transport_time_to_gp,-0.0350182896568667,18.553602926525866,18.553602926525866,0.0,0.3181084990501404,0.32340142130851746,0.35849013924598694,target_iz_local
2023-02-25,2023-03-04,U10,U10,S02001623,location,location,0.3673720677693701,18.553602926525866,18.553602926525866,0.0,0.3181084990501404,0.32340142130851746,0.35849013924598694,target_iz_local
2023-02-25,2023-03-04,U10,U10,S02001623,location_interaction,location_x_income_deprivation,-0.3057620003109985,18.553602926525866,18.553602926525866,0.0,0.3181084990501404,0.32340142130851746,0.35849013924598694,target_iz_local
2023-02-25,2023-03-04,U10,U10,S02001623,location_interaction,location_x_employment_deprivation,0.2999703452700719,18.553602926525866,18.553602926525866,0.0,0.3181084990501404,0.32340142130851746,0.35849013924598694,target_iz_local
2023-02-25,2023-03-04,U10,U10,S02001623,location_interaction,location_x_higher_education,0.1435406412397115,18.553602926525866,18.553602926525866,0.0,0.3181084990501404,0.32340142130851746,0.35849013924598694,target_iz_local
2023-02-25,2023-03-04,U10,U10,S02001623,location_interaction,location_x_overcrowding,-0.0175581568763351,18.553602926525866,18.553602926525866,0.0,0.3181084990501404,0.32340142130851746,0.35849013924598694,target_iz_local
2023-02-25,2023-03-04,U10,U10,S02001623,location_interaction,location_x_crime,0.2375352269127244,18.553602926525866,18.553602926525866,0.0,0.3181084990501404,0.32340142130851746,0.35849013924598694,target_iz_local
2023-02-25,2023-03-04,U10,U10,S02001623,location_interaction,location_x_public_transport_time_to_gp,0.1248224621727358,18.553602926525866,18.553602926525866,0.0,0.3181084990501404,0.32340142130851746,0.35849013924598694,target_iz_local
2023-02-25,2023-03-04,U10,U10,S02001624,baseline,baseline,34.25654232579472,36.46222341138127,36.46222341138127,0.0,0.3181084990501404,0.32340142130851746,0.35849013924598694,target_iz_local
2023-02-25,2023-03-04,U10,U10,S02001624,main,income_deprivation,1.8637384099619805,36.46222341138127,36.46222341138127,0.0,0.3181084990501404,0.32340142130851746,0.35849013924598694,target_iz_local
2023-02-25,2023-03-04,U10,U10,S02001624,main,employment_deprivation,-1.0141344147069151,36.46222341138127,36.46222341138127,0.0,0.3181084990501404,0.32340142130851746,0.35849013924598694,target_iz_local
2023-02-25,2023-03-04,U10,U10,S02001624,main,higher_education,0.3252981168883199,36.46222341138127,36.46222341138127,0.0,0.3181084990501404,0.32340142130851746,0.35849013924598694,target_iz_local
2023-02-25,2023-03-04,U10,U10,S02001624,main,overcrowding,-0.1335040089629966,36.46222341138127,36.46222341138127,0.0,0.3181084990501404,0.32340142130851746,0.35849013924598694,target_iz_local
2023-02-25,2023-03-04,U10,U10,S02001624,main,crime,0.0092146578289203,36.46222341138127,36.46222341138127,0.0,0.3181084990501404,0.32340142130851746,0.35849013924598694,target_iz_local
2023-02-25,2023-03-04,U10,U10,S02001624,main,public_transport_time_to_gp,-0.2707937674863018,36.46222341138127,36.46222341138127,0.0,0.3181084990501404,0.32340142130851746,0.35849013924598694,target_iz_local
2023-02-25,2023-03-04,U10,U10,S02001624,location,location,1.3726668357849174,36.46222341138127,36.46222341138127,0.0,0.3181084990501404,0.32340142130851746,0.35849013924598694,target_iz_local
2023-02-25,2023-03-04,U10,U10,S02001624,location_interaction,location_x_income_deprivation,-0.3970653516905731,36.46222341138127,36.46222341138127,0.0,0.3181084990501404,0.32340142130851746,0.35849013924598694,target_iz_local
2023-02-25,2023-03-04,U10,U10,S02001624,location_interaction,location_x_employment_deprivation,-0.0934392772969716,36.46222341138127,36.46222341138127,0.0,0.3181084990501404,0.32340142130851746,0.35849013924598694,target_iz_local
2023-02-25,2023-03-04,U10,U10,S02001624,location_interaction,location_x_higher_education,0.0134342945757339,36.46222341138127,36.46222341138127,0.0,0.3181084990501404,0.32340142130851746,0.35849013924598694,target_iz_local
2023-02-25,2023-03-04,U10,U10,S02001624,location_interaction,location_x_overcrowding,0.1987843629859759,36.46222341138127,36.46222341138127,0.0,0.3181084990501404,0.32340142130851746,0.35849013924598694,target_iz_local
2023-02-25,2023-03-04,U10,U10,S02001624,location_interaction,location_x_crime,-0.0589822295166186,36.46222341138127,36.46222341138127,0.0,0.3181084990501404,0.32340142130851746,0.35849013924598694,target_iz_local
2023-02-25,2023-03-04,U10,U10,S02001624,location_interaction,location_x_public_transport_time_to_gp,0.3904634572210771,36.46222341138127,36.46222341138127,0.0,0.3181084990501404,0.32340142130851746,0.35849013924598694,target_iz_local
2023-02-25,2023-03-04,U10,U10,S02001625,baseline,baseline,33.593953451319095,36.75747903267896,36.75747903267896,0.0,0.3181084990501404,0.32340142130851746,0.35849013924598694,target_iz_local
2023-02-25,2023-03-04,U10,U10,S02001625,main,income_deprivation,0.4088917141868975,36.75747903267896,36.75747903267896,0.0,0.3181084990501404,0.32340142130851746,0.35849013924598694,target_iz_local
2023-02-25,2023-03-04,U10,U10,S02001625,main,employment_deprivation,-0.1235588664100293,36.75747903267896,36.75747903267896,0.0,0.3181084990501404,0.32340142130851746,0.35849013924598694,target_iz_local
2023-02-25,2023-03-04,U10,U10,S02001625,main,higher_education,0.4208068257286451,36.75747903267896,36.75747903267896,0.0,0.3181084990501404,0.32340142130851746,0.35849013924598694,target_iz_local
2023-02-25,2023-03-04,U10,U10,S02001625,main,overcrowding,-0.5191513969784708,36.75747903267896,36.75747903267896,0.0,0.3181084990501404,0.32340142130851746,0.35849013924598694,target_iz_local
2023-02-25,2023-03-04,U10,U10,S02001625,main,crime,0.005212820143926,36.75747903267896,36.75747903267896,0.0,0.3181084990501404,0.32340142130851746,0.35849013924598694,target_iz_local
2023-02-25,2023-03-04,U10,U10,S02001625,main,public_transport_time_to_gp,-0.3661120369320826,36.75747903267896,36.75747903267896,0.0,0.3181084990501404,0.32340142130851746,0.35849013924598694,target_iz_local
2023-02-25,2023-03-04,U10,U10,S02001625,location,location,1.102743139721103,36.75747903267896,36.75747903267896,0.0,0.3181084990501404,0.32340142130851746,0.35849013924598694,target_iz_local
2023-02-25,2023-03-04,U10,U10,S02001625,location_interaction,location_x_income_deprivation,0.0258712950206915,36.75747903267896,36.75747903267896,0.0,0.3181084990501404,0.32340142130851746,0.35849013924598694,target_iz_local
2023-02-25,2023-03-04,U10,U10,S02001625,location_interaction,location_x_employment_deprivation,-0.1644957678658611,36.75747903267896,36.75747903267896,0.0,0.3181084990501404,0.32340142130851746,0.35849013924598694,target_iz_local
2023-02-25,2023-03-04,U10,U10,S02001625,location_interaction,location_x_higher_education,-0.3054482914152632,36.75747903267896,36.75747903267896,0.0,0.3181084990501404,0.32340142130851746,0.35849013924598694,target_iz_local
2023-02-25,2023-03-04,U10,U10,S02001625,location_interaction,location_x_overcrowding,1.8096279961722248,36.75747903267896,36.75747903267896,0.0,0.3181084990501404,0.32340142130851746,0.35849013924598694,target_iz_local
2023-02-25,2023-03-04,U10,U10,S02001625,location_interaction,location_x_crime,0.1439886910574784,36.75747903267896,36.75747903267896,0.0,0.3181084990501404,0.32340142130851746,0.35849013924598694,target_iz_local
2023-02-25,2023-03-04,U10,U10,S02001625,location_interaction,location_x_public_transport_time_to_gp,0.7251494589306047,36.75747903267896,36.75747903267896,0.0,0.3181084990501404,0.32340142130851746,0.35849013924598694,target_iz_local
2023-02-25,2023-03-04,U10,U10,S02001626,baseline,baseline,31.013816823905863,31.43698023790733,31.43698023790733,0.0,0.3181084990501404,0.32340142130851746,0.35849013924598694,target_iz_local
2023-02-25,2023-03-04,U10,U10,S02001626,main,income_deprivation,-0.0921993800571994,31.43698023790733,31.43698023790733,0.0,0.3181084990501404,0.32340142130851746,0.35849013924598694,target_iz_local
2023-02-25,2023-03-04,U10,U10,S02001626,main,employment_deprivation,0.0187024207342237,31.43698023790733,31.43698023790733,0.0,0.3181084990501404,0.32340142130851746,0.35849013924598694,target_iz_local
2023-02-25,2023-03-04,U10,U10,S02001626,main,higher_education,-0.8908306666782956,31.43698023790733,31.43698023790733,0.0,0.3181084990501404,0.32340142130851746,0.35849013924598694,target_iz_local
2023-02-25,2023-03-04,U10,U10,S02001626,main,overcrowding,0.2432238351731085,31.43698023790733,31.43698023790733,0.0,0.3181084990501404,0.32340142130851746,0.35849013924598694,target_iz_local
2023-02-25,2023-03-04,U10,U10,S02001626,main,crime,0.1430691491989869,31.43698023790733,31.43698023790733,0.0,0.3181084990501404,0.32340142130851746,0.35849013924598694,target_iz_local
2023-02-25,2023-03-04,U10,U10,S02001626,main,public_transport_time_to_gp,0.5632474990118141,31.43698023790733,31.43698023790733,0.0,0.3181084990501404,0.32340142130851746,0.35849013924598694,target_iz_local
2023-02-25,2023-03-04,U10,U10,S02001626,location,location,0.3924698466346391,31.43698023790733,31.43698023790733,0.0,0.3181084990501404,0.32340142130851746,0.35849013924598694,target_iz_local
2023-02-25,2023-03-04,U10,U10,S02001626,location_interaction,location_x_income_deprivation,-0.0241948899768639,31.43698023790733,31.43698023790733,0.0,0.3181084990501404,0.32340142130851746,0.35849013924598694,target_iz_local
2023-02-25,2023-03-04,U10,U10,S02001626,location_interaction,location_x_employment_deprivation,-0.021934491112119,31.43698023790733,31.43698023790733,0.0,0.3181084990501404,0.32340142130851746,0.35849013924598694,target_iz_local
2023-02-25,2023-03-04,U10,U10,S02001626,location_interaction,location_x_higher_education,0.4991796039399677,31.43698023790733,31.43698023790733,0.0,0.3181084990501404,0.32340142130851746,0.35849013924598694,target_iz_local
2023-02-25,2023-03-04,U10,U10,S02001626,location_interaction,location_x_overcrowding,-0.0667412894112736,31.43698023790733,31.43698023790733,0.0,0.3181084990501404,0.32340142130851746,0.35849013924598694,target_iz_local
2023-02-25,2023-03-04,U10,U10,S02001626,location_interaction,location_x_crime,-0.0794484910510844,31.43698023790733,31.43698023790733,0.0,0.3181084990501404,0.32340142130851746,0.35849013924598694,target_iz_local
2023-02-25,2023-03-04,U10,U10,S02001626,location_interaction,location_x_public_transport_time_to_gp,-0.2613797324044391,31.43698023790733,31.43698023790733,0.0,0.3181084990501404,0.32340142130851746,0.35849013924598694,target_iz_local
2023-02-25,2023-03-04,U10,U10,S02001627,baseline,baseline,32.47443339979762,41.29437015211696,41.29437015211696,0.0,0.3181084990501404,0.32340142130851746,0.35849013924598694,target_iz_local
2023-02-25,2023-03-04,U10,U10,S02001627,main,income_deprivation,5.448751522245874,41.29437015211696,41.29437015211696,0.0,0.3181084990501404,0.32340142130851746,0.35849013924598694,target_iz_local
2023-02-25,2023-03-04,U10,U10,S02001627,main,employment_deprivation,-0.9285786855788536,41.29437015211696,41.29437015211696,0.0,0.3181084990501404,0.32340142130851746,0.35849013924598694,target_iz_local
2023-02-25,2023-03-04,U10,U10,S02001627,main,higher_education,0.4864400318690695,41.29437015211696,41.29437015211696,0.0,0.3181084990501404,0.32340142130851746,0.35849013924598694,target_iz_local
2023-02-25,2023-03-04,U10,U10,S02001627,main,overcrowding,0.2164908499944724,41.29437015211696,41.29437015211696,0.0,0.3181084990501404,0.32340142130851746,0.35849013924598694,target_iz_local
2023-02-25,2023-03-04,U10,U10,S02001627,main,crime,3.507531048002708,41.29437015211696,41.29437015211696,0.0,0.3181084990501404,0.32340142130851746,0.35849013924598694,target_iz_local
2023-02-25,2023-03-04,U10,U10,S02001627,main,public_transport_time_to_gp,-0.9098824410211526,41.29437015211696,41.29437015211696,0.0,0.3181084990501404,0.32340142130851746,0.35849013924598694,target_iz_local
2023-02-25,2023-03-04,U10,U10,S02001627,location,location,-1.9856006531488428,41.29437015211696,41.29437015211696,0.0,0.3181084990501404,0.32340142130851746,0.35849013924598694,target_iz_local
2023-02-25,2023-03-04,U10,U10,S02001627,location_interaction,location_x_income_deprivation,2.824578857421863,41.29437015211696,41.29437015211696,0.0,0.3181084990501404,0.32340142130851746,0.35849013924598694,target_iz_local
2023-02-25,2023-03-04,U10,U10,S02001627,location_interaction,location_x_employment_deprivation,-0.2449083328246979,41.29437015211696,41.29437015211696,0.0,0.3181084990501404,0.32340142130851746,0.35849013924598694,target_iz_local
2023-02-25,2023-03-04,U10,U10,S02001627,location_interaction,location_x_higher_education,0.9378207524617542,41.29437015211696,41.29437015211696,0.0,0.3181084990501404,0.32340142130851746,0.35849013924598694,target_iz_local
2023-02-25,2023-03-04,U10,U10,S02001627,location_interaction,location_x_overcrowding,0.3067683219909751,41.29437015211696,41.29437015211696,0.0,0.3181084990501404,0.32340142130851746,0.35849013924598694,target_iz_local
2023-02-25,2023-03-04,U10,U10,S02001627,location_interaction,location_x_crime,-0.6418746312459395,41.29437015211696,41.29437015211696,0.0,0.3181084990501404,0.32340142130851746,0.35849013924598694,target_iz_local
2023-02-25,2023-03-04,U10,U10,S02001627,location_interaction,location_x_public_transport_time_to_gp,-0.1975998878478933,41.29437015211696,41.29437015211696,0.0,0.3181084990501404,0.32340142130851746,0.35849013924598694,target_iz_local
2023-02-25,2023-03-04,U10,U10,S02001628,baseline,baseline,38.44522527103334,50.51702550296694,50.51702550296694,7.105427357601002e-15,0.3181084990501404,0.32340142130851746,0.35849013924598694,target_iz_local
2023-02-25,2023-03-04,U10,U10,S02001628,main,income_deprivation,10.842645708719935,50.51702550296694,50.51702550296694,7.105427357601002e-15,0.3181084990501404,0.32340142130851746,0.35849013924598694,target_iz_local
2023-02-25,2023-03-04,U10,U10,S02001628,main,employment_deprivation,-2.280834070841485,50.51702550296694,50.51702550296694,7.105427357601002e-15,0.3181084990501404,0.32340142130851746,0.35849013924598694,target_iz_local
2023-02-25,2023-03-04,U10,U10,S02001628,main,higher_education,0.7814441680908139,50.51702550296694,50.51702550296694,7.105427357601002e-15,0.3181084990501404,0.32340142130851746,0.35849013924598694,target_iz_local
2023-02-25,2023-03-04,U10,U10,S02001628,main,overcrowding,-0.267798805236823,50.51702550296694,50.51702550296694,7.105427357601002e-15,0.3181084990501404,0.32340142130851746,0.35849013924598694,target_iz_local
2023-02-25,2023-03-04,U10,U10,S02001628,main,crime,1.050219980875647,50.51702550296694,50.51702550296694,7.105427357601002e-15,0.3181084990501404,0.32340142130851746,0.35849013924598694,target_iz_local
2023-02-25,2023-03-04,U10,U10,S02001628,main,public_transport_time_to_gp,-0.5977437337239656,50.51702550296694,50.51702550296694,7.105427357601002e-15,0.3181084990501404,0.32340142130851746,0.35849013924598694,target_iz_local
2023-02-25,2023-03-04,U10,U10,S02001628,location,location,-1.7302411942254952,50.51702550296694,50.51702550296694,7.105427357601002e-15,0.3181084990501404,0.32340142130851746,0.35849013924598694,target_iz_local
2023-02-25,2023-03-04,U10,U10,S02001628,location_interaction,location_x_income_deprivation,3.1558060101099934,50.51702550296694,50.51702550296694,7.105427357601002e-15,0.3181084990501404,0.32340142130851746,0.35849013924598694,target_iz_local
2023-02-25,2023-03-04,U10,U10,S02001628,location_interaction,location_x_employment_deprivation,0.1193014871506595,50.51702550296694,50.51702550296694,7.105427357601002e-15,0.3181084990501404,0.32340142130851746,0.35849013924598694,target_iz_local
2023-02-25,2023-03-04,U10,U10,S02001628,location_interaction,location_x_higher_education,1.1467900367010284,50.51702550296694,50.51702550296694,7.105427357601002e-15,0.3181084990501404,0.32340142130851746,0.35849013924598694,target_iz_local
2023-02-25,2023-03-04,U10,U10,S02001628,location_interaction,location_x_overcrowding,0.3824877193995965,50.51702550296694,50.51702550296694,7.105427357601002e-15,0.3181084990501404,0.32340142130851746,0.35849013924598694,target_iz_local
2023-02-25,2023-03-04,U10,U10,S02001628,location_interaction,location_x_crime,-0.1949730782281748,50.51702550296694,50.51702550296694,7.105427357601002e-15,0.3181084990501404,0.32340142130851746,0.35849013924598694,target_iz_local
2023-02-25,2023-03-04,U10,U10,S02001628,location_interaction,location_x_public_transport_time_to_gp,-0.3353039968581362,50.51702550296694,50.51702550296694,7.105427357601002e-15,0.3181084990501404,0.32340142130851746,0.35849013924598694,target_iz_local
2023-02-25,2023-03-04,U10,U10,S02001629,baseline,baseline,34.34410469328404,45.944126055588725,45.944126055588725,0.0,0.3181084990501404,0.32340142130851746,0.35849013924598694,target_iz_local
2023-02-25,2023-03-04,U10,U10,S02001629,main,income_deprivation,10.083972676595092,45.944126055588725,45.944126055588725,0.0,0.3181084990501404,0.32340142130851746,0.35849013924598694,target_iz_local
2023-02-25,2023-03-04,U10,U10,S02001629,main,employment_deprivation,-2.0093681335449385,45.944126055588725,45.944126055588725,0.0,0.3181084990501404,0.32340142130851746,0.35849013924598694,target_iz_local
2023-02-25,2023-03-04,U10,U10,S02001629,main,higher_education,0.7687080383300736,45.944126055588725,45.944126055588725,0.0,0.3181084990501404,0.32340142130851746,0.35849013924598694,target_iz_local
2023-02-25,2023-03-04,U10,U10,S02001629,main,overcrowding,-0.1238388061523524,45.944126055588725,45.944126055588725,0.0,0.3181084990501404,0.32340142130851746,0.35849013924598694,target_iz_local
2023-02-25,2023-03-04,U10,U10,S02001629,main,crime,0.4953145345052078,45.944126055588725,45.944126055588725,0.0,0.3181084990501404,0.32340142130851746,0.35849013924598694,target_iz_local
2023-02-25,2023-03-04,U10,U10,S02001629,main,public_transport_time_to_gp,-0.579830678304037,45.944126055588725,45.944126055588725,0.0,0.3181084990501404,0.32340142130851746,0.35849013924598694,target_iz_local
2023-02-25,2023-03-04,U10,U10,S02001629,location,location,-1.1859195890880774,45.944126055588725,45.944126055588725,0.0,0.3181084990501404,0.32340142130851746,0.35849013924598694,target_iz_local
2023-02-25,2023-03-04,U10,U10,S02001629,location_interaction,location_x_income_deprivation,2.5409900483630543,45.944126055588725,45.944126055588725,0.0,0.3181084990501404,0.32340142130851746,0.35849013924598694,target_iz_local
2023-02-25,2023-03-04,U10,U10,S02001629,location_interaction,location_x_employment_deprivation,-0.0623027983165751,45.944126055588725,45.944126055588725,0.0,0.3181084990501404,0.32340142130851746,0.35849013924598694,target_iz_local
2023-02-25,2023-03-04,U10,U10,S02001629,location_interaction,location_x_higher_education,0.8109831310453948,45.944126055588725,45.944126055588725,0.0,0.3181084990501404,0.32340142130851746,0.35849013924598694,target_iz_local
2023-02-25,2023-03-04,U10,U10,S02001629,location_interaction,location_x_overcrowding,0.6367264883858916,45.944126055588725,45.944126055588725,0.0,0.3181084990501404,0.32340142130851746,0.35849013924598694,target_iz_local
2023-02-25,2023-03-04,U10,U10,S02001629,location_interaction,location_x_crime,0.1854775565011159,45.944126055588725,45.944126055588725,0.0,0.3181084990501404,0.32340142130851746,0.35849013924598694,target_iz_local
2023-02-25,2023-03-04,U10,U10,S02001629,location_interaction,location_x_public_transport_time_to_gp,0.0391088939848391,45.944126055588725,45.944126055588725,0.0,0.3181084990501404,0.32340142130851746,0.35849013924598694,target_iz_local
2023-02-25,2023-03-04,U10,U10,S02001630,baseline,baseline,32.28077402025856,34.906691454950945,34.906691454950945,0.0,0.3181084990501404,0.32340142130851746,0.35849013924598694,target_iz_local
2023-02-25,2023-03-04,U10,U10,S02001630,main,income_deprivation,0.5893293380737303,34.906691454950945,34.906691454950945,0.0,0.3181084990501404,0.32340142130851746,0.35849013924598694,target_iz_local
2023-02-25,2023-03-04,U10,U10,S02001630,main,employment_deprivation,-1.275512461677378e-15,34.906691454950945,34.906691454950945,0.0,0.3181084990501404,0.32340142130851746,0.35849013924598694,target_iz_local
2023-02-25,2023-03-04,U10,U10,S02001630,main,higher_education,0.2176510492960608,34.906691454950945,34.906691454950945,0.0,0.3181084990501404,0.32340142130851746,0.35849013924598694,target_iz_local
2023-02-25,2023-03-04,U10,U10,S02001630,main,overcrowding,-0.360874144236251,34.906691454950945,34.906691454950945,0.0,0.3181084990501404,0.32340142130851746,0.35849013924598694,target_iz_local
2023-02-25,2023-03-04,U10,U10,S02001630,main,crime,0.0126848220825195,34.906691454950945,34.906691454950945,0.0,0.3181084990501404,0.32340142130851746,0.35849013924598694,target_iz_local
2023-02-25,2023-03-04,U10,U10,S02001630,main,public_transport_time_to_gp,2.971120611826587,34.906691454950945,34.906691454950945,0.0,0.3181084990501404,0.32340142130851746,0.35849013924598694,target_iz_local
2023-02-25,2023-03-04,U10,U10,S02001630,location,location,-1.2763923009236693,34.906691454950945,34.906691454950945,0.0,0.3181084990501404,0.32340142130851746,0.35849013924598694,target_iz_local
2023-02-25,2023-03-04,U10,U10,S02001630,location_interaction,location_x_income_deprivation,0.4886112213134773,34.906691454950945,34.906691454950945,0.0,0.3181084990501404,0.32340142130851746,0.35849013924598694,target_iz_local
2023-02-25,2023-03-04,U10,U10,S02001630,location_interaction,location_x_employment_deprivation,1.8653675225379275e-15,34.906691454950945,34.906691454950945,0.0,0.3181084990501404,0.32340142130851746,0.35849013924598694,target_iz_local
2023-02-25,2023-03-04,U10,U10,S02001630,location_interaction,location_x_higher_education,-0.3669563611348464,34.906691454950945,34.906691454950945,0.0,0.3181084990501404,0.32340142130851746,0.35849013924598694,target_iz_local
2023-02-25,2023-03-04,U10,U10,S02001630,location_interaction,location_x_overcrowding,-0.960745557149246,34.906691454950945,34.906691454950945,0.0,0.3181084990501404,0.32340142130851746,0.35849013924598694,target_iz_local
2023-02-25,2023-03-04,U10,U10,S02001630,location_interaction,location_x_crime,0.0713030179341637,34.906691454950945,34.906691454950945,0.0,0.3181084990501404,0.32340142130851746,0.35849013924598694,target_iz_local
2023-02-25,2023-03-04,U10,U10,S02001630,location_interaction,location_x_public_transport_time_to_gp,1.240185737609856,34.906691454950945,34.906691454950945,0.0,0.3181084990501404,0.32340142130851746,0.35849013924598694,target_iz_local
2023-02-25,2023-03-04,U10,U10,S02001631,baseline,baseline,34.481879078552055,32.15759261767559,32.15759261767559,0.0,0.3181084990501404,0.32340142130851746,0.35849013924598694,target_iz_local
2023-02-25,2023-03-04,U10,U10,S02001631,main,income_deprivation,-0.5536488260541668,32.15759261767559,32.15759261767559,0.0,0.3181084990501404,0.32340142130851746,0.35849013924598694,target_iz_local
2023-02-25,2023-03-04,U10,U10,S02001631,main,employment_deprivation,-0.0557763780866344,32.15759261767559,32.15759261767559,0.0,0.3181084990501404,0.32340142130851746,0.35849013924598694,target_iz_local
2023-02-25,2023-03-04,U10,U10,S02001631,main,higher_education,-1.5936821665082737,32.15759261767559,32.15759261767559,0.0,0.3181084990501404,0.32340142130851746,0.35849013924598694,target_iz_local
2023-02-25,2023-03-04,U10,U10,S02001631,main,overcrowding,0.4222047124590226,32.15759261767559,32.15759261767559,0.0,0.3181084990501404,0.32340142130851746,0.35849013924598694,target_iz_local
2023-02-25,2023-03-04,U10,U10,S02001631,main,crime,0.0892374311174685,32.15759261767559,32.15759261767559,0.0,0.3181084990501404,0.32340142130851746,0.35849013924598694,target_iz_local
2023-02-25,2023-03-04,U10,U10,S02001631,main,public_transport_time_to_gp,0.5186483337765684,32.15759261767559,32.15759261767559,0.0,0.3181084990501404,0.32340142130851746,0.35849013924598694,target_iz_local
2023-02-25,2023-03-04,U10,U10,S02001631,location,location,0.1025879451206761,32.15759261767559,32.15759261767559,0.0,0.3181084990501404,0.32340142130851746,0.35849013924598694,target_iz_local
2023-02-25,2023-03-04,U10,U10,S02001631,location_interaction,location_x_income_deprivation,-0.146704010736372,32.15759261767559,32.15759261767559,0.0,0.3181084990501404,0.32340142130851746,0.35849013924598694,target_iz_local
2023-02-25,2023-03-04,U10,U10,S02001631,location_interaction,location_x_employment_deprivation,0.0178427968706396,32.15759261767559,32.15759261767559,0.0,0.3181084990501404,0.32340142130851746,0.35849013924598694,target_iz_local
2023-02-25,2023-03-04,U10,U10,S02001631,location_interaction,location_x_higher_education,0.4833793912615183,32.15759261767559,32.15759261767559,0.0,0.3181084990501404,0.32340142130851746,0.35849013924598694,target_iz_local
2023-02-25,2023-03-04,U10,U10,S02001631,location_interaction,location_x_overcrowding,-1.5179506029401533,32.15759261767559,32.15759261767559,0.0,0.3181084990501404,0.32340142130851746,0.35849013924598694,target_iz_local
2023-02-25,2023-03-04,U10,U10,S02001631,location_interaction,location_x_crime,-0.0917415028526702,32.15759261767559,32.15759261767559,0.0,0.3181084990501404,0.32340142130851746,0.35849013924598694,target_iz_local
2023-02-25,2023-03-04,U10,U10,S02001631,location_interaction,location_x_public_transport_time_to_gp,0.0013164156959115,32.15759261767559,32.15759261767559,0.0,0.3181084990501404,0.32340142130851746,0.35849013924598694,target_iz_local
2023-02-25,2023-03-04,U10,U10,S02001632,baseline,baseline,30.644591939768024,32.833640706857864,32.833640706857864,0.0,0.3181084990501404,0.32340142130851746,0.35849013924598694,target_iz_local
2023-02-25,2023-03-04,U10,U10,S02001632,main,income_deprivation,1.911593798228678,32.833640706857864,32.833640706857864,0.0,0.3181084990501404,0.32340142130851746,0.35849013924598694,target_iz_local
2023-02-25,2023-03-04,U10,U10,S02001632,main,employment_deprivation,-0.3049462522779201,32.833640706857864,32.833640706857864,0.0,0.3181084990501404,0.32340142130851746,0.35849013924598694,target_iz_local
2023-02-25,2023-03-04,U10,U10,S02001632,main,higher_education,-0.1878486360822431,32.833640706857864,32.833640706857864,0.0,0.3181084990501404,0.32340142130851746,0.35849013924598694,target_iz_local
2023-02-25,2023-03-04,U10,U10,S02001632,main,overcrowding,0.1642684891110363,32.833640706857864,32.833640706857864,0.0,0.3181084990501404,0.32340142130851746,0.35849013924598694,target_iz_local
2023-02-25,2023-03-04,U10,U10,S02001632,main,crime,0.1594063872382755,32.833640706857864,32.833640706857864,0.0,0.3181084990501404,0.32340142130851746,0.35849013924598694,target_iz_local
2023-02-25,2023-03-04,U10,U10,S02001632,main,public_transport_time_to_gp,-0.2502741859072772,32.833640706857864,32.833640706857864,0.0,0.3181084990501404,0.32340142130851746,0.35849013924598694,target_iz_local
2023-02-25,2023-03-04,U10,U10,S02001632,location,location,2.4841298103332603,32.833640706857864,32.833640706857864,0.0,0.3181084990501404,0.32340142130851746,0.35849013924598694,target_iz_local
2023-02-25,2023-03-04,U10,U10,S02001632,location_interaction,location_x_income_deprivation,-0.4942924930935905,32.833640706857864,32.833640706857864,0.0,0.3181084990501404,0.32340142130851746,0.35849013924598694,target_iz_local
2023-02-25,2023-03-04,U10,U10,S02001632,location_interaction,location_x_employment_deprivation,0.6654858157748249,32.833640706857864,32.833640706857864,0.0,0.3181084990501404,0.32340142130851746,0.35849013924598694,target_iz_local
2023-02-25,2023-03-04,U10,U10,S02001632,location_interaction,location_x_higher_education,-0.2561300550188319,32.833640706857864,32.833640706857864,0.0,0.3181084990501404,0.32340142130851746,0.35849013924598694,target_iz_local
2023-02-25,2023-03-04,U10,U10,S02001632,location_interaction,location_x_overcrowding,-0.1161241485959003,32.833640706857864,32.833640706857864,0.0,0.3181084990501404,0.32340142130851746,0.35849013924598694,target_iz_local
2023-02-25,2023-03-04,U10,U10,S02001632,location_interaction,location_x_crime,-0.1874565238044404,32.833640706857864,32.833640706857864,0.0,0.3181084990501404,0.32340142130851746,0.35849013924598694,target_iz_local
2023-02-25,2023-03-04,U10,U10,S02001632,location_interaction,location_x_public_transport_time_to_gp,-1.3987632388160307,32.833640706857864,32.833640706857864,0.0,0.3181084990501404,0.32340142130851746,0.35849013924598694,target_iz_local
2023-02-25,2023-03-04,U10,U10,S02001633,baseline,baseline,34.495117393750064,30.21026155115973,30.21026155115973,3.552713678800501e-15,0.3181084990501404,0.32340142130851746,0.35849013924598694,target_iz_local
2023-02-25,2023-03-04,U10,U10,S02001633,main,income_deprivation,-0.7836115133194712,30.21026155115973,30.21026155115973,3.552713678800501e-15,0.3181084990501404,0.32340142130851746,0.35849013924598694,target_iz_local
2023-02-25,2023-03-04,U10,U10,S02001633,main,employment_deprivation,-0.0333334218888045,30.21026155115973,30.21026155115973,3.552713678800501e-15,0.3181084990501404,0.32340142130851746,0.35849013924598694,target_iz_local
2023-02-25,2023-03-04,U10,U10,S02001633,main,higher_education,-1.704930648349583,30.21026155115973,30.21026155115973,3.552713678800501e-15,0.3181084990501404,0.32340142130851746,0.35849013924598694,target_iz_local
2023-02-25,2023-03-04,U10,U10,S02001633,main,overcrowding,0.1285449096134761,30.21026155115973,30.21026155115973,3.552713678800501e-15,0.3181084990501404,0.32340142130851746,0.35849013924598694,target_iz_local
2023-02-25,2023-03-04,U10,U10,S02001633,main,crime,-0.0262345245906253,30.21026155115973,30.21026155115973,3.552713678800501e-15,0.3181084990501404,0.32340142130851746,0.35849013924598694,target_iz_local
2023-02-25,2023-03-04,U10,U10,S02001633,main,public_transport_time_to_gp,-1.0788964680262996,30.21026155115973,30.21026155115973,3.552713678800501e-15,0.3181084990501404,0.32340142130851746,0.35849013924598694,target_iz_local
2023-02-25,2023-03-04,U10,U10,S02001633,location,location,0.2768068563370475,30.21026155115973,30.21026155115973,3.552713678800501e-15,0.3181084990501404,0.32340142130851746,0.35849013924598694,target_iz_local
2023-02-25,2023-03-04,U10,U10,S02001633,location_interaction,location_x_income_deprivation,0.0752487046378009,30.21026155115973,30.21026155115973,3.552713678800501e-15,0.3181084990501404,0.32340142130851746,0.35849013924598694,target_iz_local
2023-02-25,2023-03-04,U10,U10,S02001633,location_interaction,location_x_employment_deprivation,-0.0089304901304699,30.21026155115973,30.21026155115973,3.552713678800501e-15,0.3181084990501404,0.32340142130851746,0.35849013924598694,target_iz_local
2023-02-25,2023-03-04,U10,U10,S02001633,location_interaction,location_x_higher_education,0.7608949683961458,30.21026155115973,30.21026155115973,3.552713678800501e-15,0.3181084990501404,0.32340142130851746,0.35849013924598694,target_iz_local
2023-02-25,2023-03-04,U10,U10,S02001633,location_interaction,location_x_overcrowding,-2.3864178157988056,30.21026155115973,30.21026155115973,3.552713678800501e-15,0.3181084990501404,0.32340142130851746,0.35849013924598694,target_iz_local
2023-02-25,2023-03-04,U10,U10,S02001633,location_interaction,location_x_crime,0.0762687864757686,30.21026155115973,30.21026155115973,3.552713678800501e-15,0.3181084990501404,0.32340142130851746,0.35849013924598694,target_iz_local
2023-02-25,2023-03-04,U10,U10,S02001633,location_interaction,location_x_public_transport_time_to_gp,0.4197348140534909,30.21026155115973,30.21026155115973,3.552713678800501e-15,0.3181084990501404,0.32340142130851746,0.35849013924598694,target_iz_local
2023-02-25,2023-03-04,U10,U10,S02001634,baseline,baseline,40.88692625430132,39.70817457702663,39.70817457702663,7.105427357601002e-15,0.3181084990501404,0.32340142130851746,0.35849013924598694,target_iz_local
2023-02-25,2023-03-04,U10,U10,S02001634,main,income_deprivation,-0.4836393208730787,39.70817457702663,39.70817457702663,7.105427357601002e-15,0.3181084990501404,0.32340142130851746,0.35849013924598694,target_iz_local
2023-02-25,2023-03-04,U10,U10,S02001634,main,employment_deprivation,0.0165919560761688,39.70817457702663,39.70817457702663,7.105427357601002e-15,0.3181084990501404,0.32340142130851746,0.35849013924598694,target_iz_local
2023-02-25,2023-03-04,U10,U10,S02001634,main,higher_education,-0.2819362164962866,39.70817457702663,39.70817457702663,7.105427357601002e-15,0.3181084990501404,0.32340142130851746,0.35849013924598694,target_iz_local
2023-02-25,2023-03-04,U10,U10,S02001634,main,overcrowding,0.3041886964014628,39.70817457702663,39.70817457702663,7.105427357601002e-15,0.3181084990501404,0.32340142130851746,0.35849013924598694,target_iz_local
2023-02-25,2023-03-04,U10,U10,S02001634,main,crime,-0.0356692057280303,39.70817457702663,39.70817457702663,7.105427357601002e-15,0.3181084990501404,0.32340142130851746,0.35849013924598694,target_iz_local
2023-02-25,2023-03-04,U10,U10,S02001634,main,public_transport_time_to_gp,-1.5639597129254172,39.70817457702663,39.70817457702663,7.105427357601002e-15,0.3181084990501404,0.32340142130851746,0.35849013924598694,target_iz_local
2023-02-25,2023-03-04,U10,U10,S02001634,location,location,1.4102354430017068,39.70817457702663,39.70817457702663,7.105427357601002e-15,0.3181084990501404,0.32340142130851746,0.35849013924598694,target_iz_local
2023-02-25,2023-03-04,U10,U10,S02001634,location_interaction,location_x_income_deprivation,-0.1077276056721109,39.70817457702663,39.70817457702663,7.105427357601002e-15,0.3181084990501404,0.32340142130851746,0.35849013924598694,target_iz_local
2023-02-25,2023-03-04,U10,U10,S02001634,location_interaction,location_x_employment_deprivation,-7.41855019627461e-05,39.70817457702663,39.70817457702663,7.105427357601002e-15,0.3181084990501404,0.32340142130851746,0.35849013924598694,target_iz_local
2023-02-25,2023-03-04,U10,U10,S02001634,location_interaction,location_x_higher_education,0.0581030353194196,39.70817457702663,39.70817457702663,7.105427357601002e-15,0.3181084990501404,0.32340142130851746,0.35849013924598694,target_iz_local
2023-02-25,2023-03-04,U10,U10,S02001634,location_interaction,location_x_overcrowding,-1.2813457007919078,39.70817457702663,39.70817457702663,7.105427357601002e-15,0.3181084990501404,0.32340142130851746,0.35849013924598694,target_iz_local
2023-02-25,2023-03-04,U10,U10,S02001634,location_interaction,location_x_crime,0.0651145800238541,39.70817457702663,39.70817457702663,7.105427357601002e-15,0.3181084990501404,0.32340142130851746,0.35849013924598694,target_iz_local
2023-02-25,2023-03-04,U10,U10,S02001634,location_interaction,location_x_public_transport_time_to_gp,0.7213665598914782,39.70817457702663,39.70817457702663,7.105427357601002e-15,0.3181084990501404,0.32340142130851746,0.35849013924598694,target_iz_local
2023-02-25,2023-03-04,U10,U10,S02001635,baseline,baseline,43.86640535883314,49.38986670069105,49.38986670069105,0.0,0.3181084990501404,0.32340142130851746,0.35849013924598694,target_iz_local
2023-02-25,2023-03-04,U10,U10,S02001635,main,income_deprivation,3.3645055634635,49.38986670069105,49.38986670069105,0.0,0.3181084990501404,0.32340142130851746,0.35849013924598694,target_iz_local
2023-02-25,2023-03-04,U10,U10,S02001635,main,employment_deprivation,-0.7157019433521146,49.38986670069105,49.38986670069105,0.0,0.3181084990501404,0.32340142130851746,0.35849013924598694,target_iz_local
2023-02-25,2023-03-04,U10,U10,S02001635,main,higher_education,0.6885814530508867,49.38986670069105,49.38986670069105,0.0,0.3181084990501404,0.32340142130851746,0.35849013924598694,target_iz_local
2023-02-25,2023-03-04,U10,U10,S02001635,main,overcrowding,0.0136094274974982,49.38986670069105,49.38986670069105,0.0,0.3181084990501404,0.32340142130851746,0.35849013924598694,target_iz_local
2023-02-25,2023-03-04,U10,U10,S02001635,main,crime,0.3055315199352416,49.38986670069105,49.38986670069105,0.0,0.3181084990501404,0.32340142130851746,0.35849013924598694,target_iz_local
2023-02-25,2023-03-04,U10,U10,S02001635,main,public_transport_time_to_gp,-0.5312685784839484,49.38986670069105,49.38986670069105,0.0,0.3181084990501404,0.32340142130851746,0.35849013924598694,target_iz_local
2023-02-25,2023-03-04,U10,U10,S02001635,location,location,0.9710723604474796,49.38986670069105,49.38986670069105,0.0,0.3181084990501404,0.32340142130851746,0.35849013924598694,target_iz_local
2023-02-25,2023-03-04,U10,U10,S02001635,location_interaction,location_x_income_deprivation,0.0993838491893756,49.38986670069105,49.38986670069105,0.0,0.3181084990501404,0.32340142130851746,0.35849013924598694,target_iz_local
2023-02-25,2023-03-04,U10,U10,S02001635,location_interaction,location_x_employment_deprivation,0.4308927399771606,49.38986670069105,49.38986670069105,0.0,0.3181084990501404,0.32340142130851746,0.35849013924598694,target_iz_local
2023-02-25,2023-03-04,U10,U10,S02001635,location_interaction,location_x_higher_education,0.2379040263947981,49.38986670069105,49.38986670069105,0.0,0.3181084990501404,0.32340142130851746,0.35849013924598694,target_iz_local
2023-02-25,2023-03-04,U10,U10,S02001635,location_interaction,location_x_overcrowding,0.1787676357087641,49.38986670069105,49.38986670069105,0.0,0.3181084990501404,0.32340142130851746,0.35849013924598694,target_iz_local
2023-02-25,2023-03-04,U10,U10,S02001635,location_interaction,location_x_crime,0.4926644189017208,49.38986670069105,49.38986670069105,0.0,0.3181084990501404,0.32340142130851746,0.35849013924598694,target_iz_local
2023-02-25,2023-03-04,U10,U10,S02001635,location_interaction,location_x_public_transport_time_to_gp,-0.0124811308724512,49.38986670069105,49.38986670069105,0.0,0.3181084990501404,0.32340142130851746,0.35849013924598694,target_iz_local
2023-02-25,2023-03-04,U10,U10,S02001636,baseline,baseline,44.49779060404137,42.413443832801136,42.413443832801136,0.0,0.3181084990501404,0.32340142130851746,0.35849013924598694,target_iz_local
2023-02-25,2023-03-04,U10,U10,S02001636,main,income_deprivation,-1.4304928915841295,42.413443832801136,42.413443832801136,0.0,0.3181084990501404,0.32340142130851746,0.35849013924598694,target_iz_local
2023-02-25,2023-03-04,U10,U10,S02001636,main,employment_deprivation,0.0847124917166596,42.413443832801136,42.413443832801136,0.0,0.3181084990501404,0.32340142130851746,0.35849013924598694,target_iz_local
2023-02-25,2023-03-04,U10,U10,S02001636,main,higher_education,-0.4112056550525489,42.413443832801136,42.413443832801136,0.0,0.3181084990501404,0.32340142130851746,0.35849013924598694,target_iz_local
2023-02-25,2023-03-04,U10,U10,S02001636,main,overcrowding,0.773151161557157,42.413443832801136,42.413443832801136,0.0,0.3181084990501404,0.32340142130851746,0.35849013924598694,target_iz_local
2023-02-25,2023-03-04,U10,U10,S02001636,main,crime,0.1294337136404876,42.413443832801136,42.413443832801136,0.0,0.3181084990501404,0.32340142130851746,0.35849013924598694,target_iz_local
2023-02-25,2023-03-04,U10,U10,S02001636,main,public_transport_time_to_gp,-1.6667857942127098,42.413443832801136,42.413443832801136,0.0,0.3181084990501404,0.32340142130851746,0.35849013924598694,target_iz_local
2023-02-25,2023-03-04,U10,U10,S02001636,location,location,2.573190289451972,42.413443832801136,42.413443832801136,0.0,0.3181084990501404,0.32340142130851746,0.35849013924598694,target_iz_local
2023-02-25,2023-03-04,U10,U10,S02001636,location_interaction,location_x_income_deprivation,-0.2249796912783625,42.413443832801136,42.413443832801136,0.0,0.3181084990501404,0.32340142130851746,0.35849013924598694,target_iz_local
2023-02-25,2023-03-04,U10,U10,S02001636,location_interaction,location_x_employment_deprivation,-0.0170119330996592,42.413443832801136,42.413443832801136,0.0,0.3181084990501404,0.32340142130851746,0.35849013924598694,target_iz_local
2023-02-25,2023-03-04,U10,U10,S02001636,location_interaction,location_x_higher_education,0.1554960523332861,42.413443832801136,42.413443832801136,0.0,0.3181084990501404,0.32340142130851746,0.35849013924598694,target_iz_local
2023-02-25,2023-03-04,U10,U10,S02001636,location_interaction,location_x_overcrowding,-2.1931184496198446,42.413443832801136,42.413443832801136,0.0,0.3181084990501404,0.32340142130851746,0.35849013924598694,target_iz_local
2023-02-25,2023-03-04,U10,U10,S02001636,location_interaction,location_x_crime,-0.2441752479189958,42.413443832801136,42.413443832801136,0.0,0.3181084990501404,0.32340142130851746,0.35849013924598694,target_iz_local
2023-02-25,2023-03-04,U10,U10,S02001636,location_interaction,location_x_public_transport_time_to_gp,0.3874391828264538,42.413443832801136,42.413443832801136,0.0,0.3181084990501404,0.32340142130851746,0.35849013924598694,target_iz_local
2023-02-25,2023-03-04,U10,U10,S02001637,baseline,baseline,39.53686494248879,46.92953366654885,46.92953366654885,0.0,0.3181084990501404,0.32340142130851746,0.35849013924598694,target_iz_local
2023-02-25,2023-03-04,U10,U10,S02001637,main,income_deprivation,6.549617953527561,46.92953366654885,46.92953366654885,0.0,0.3181084990501404,0.32340142130851746,0.35849013924598694,target_iz_local
2023-02-25,2023-03-04,U10,U10,S02001637,main,employment_deprivation,-1.838114822478532,46.92953366654885,46.92953366654885,0.0,0.3181084990501404,0.32340142130851746,0.35849013924598694,target_iz_local
2023-02-25,2023-03-04,U10,U10,S02001637,main,higher_education,0.875105344681516,46.92953366654885,46.92953366654885,0.0,0.3181084990501404,0.32340142130851746,0.35849013924598694,target_iz_local
2023-02-25,2023-03-04,U10,U10,S02001637,main,overcrowding,-0.4132617201123961,46.92953366654885,46.92953366654885,0.0,0.3181084990501404,0.32340142130851746,0.35849013924598694,target_iz_local
2023-02-25,2023-03-04,U10,U10,S02001637,main,crime,0.0193836643582235,46.92953366654885,46.92953366654885,0.0,0.3181084990501404,0.32340142130851746,0.35849013924598694,target_iz_local
2023-02-25,2023-03-04,U10,U10,S02001637,main,public_transport_time_to_gp,0.3810858204251245,46.92953366654885,46.92953366654885,0.0,0.3181084990501404,0.32340142130851746,0.35849013924598694,target_iz_local
2023-02-25,2023-03-04,U10,U10,S02001637,location,location,0.4949579647609142,46.92953366654885,46.92953366654885,0.0,0.3181084990501404,0.32340142130851746,0.35849013924598694,target_iz_local
2023-02-25,2023-03-04,U10,U10,S02001637,location_interaction,location_x_income_deprivation,-0.0536479813712187,46.92953366654885,46.92953366654885,0.0,0.3181084990501404,0.32340142130851746,0.35849013924598694,target_iz_local
2023-02-25,2023-03-04,U10,U10,S02001637,location_interaction,location_x_employment_deprivation,0.3321678774697552,46.92953366654885,46.92953366654885,0.0,0.3181084990501404,0.32340142130851746,0.35849013924598694,target_iz_local
2023-02-25,2023-03-04,U10,U10,S02001637,location_interaction,location_x_higher_education,-0.2780799729483518,46.92953366654885,46.92953366654885,0.0,0.3181084990501404,0.32340142130851746,0.35849013924598694,target_iz_local
2023-02-25,2023-03-04,U10,U10,S02001637,location_interaction,location_x_overcrowding,0.7551151888711163,46.92953366654885,46.92953366654885,0.0,0.3181084990501404,0.32340142130851746,0.35849013924598694,target_iz_local
2023-02-25,2023-03-04,U10,U10,S02001637,location_interaction,location_x_crime,0.6473887420836034,46.92953366654885,46.92953366654885,0.0,0.3181084990501404,0.32340142130851746,0.35849013924598694,target_iz_local
2023-02-25,2023-03-04,U10,U10,S02001637,location_interaction,location_x_public_transport_time_to_gp,-0.079049335207257,46.92953366654885,46.92953366654885,0.0,0.3181084990501404,0.32340142130851746,0.35849013924598694,target_iz_local
2023-02-25,2023-03-04,U10,U10,S02001638,baseline,baseline,33.65292532945472,41.87549956346351,41.87549956346351,0.0,0.3181084990501404,0.32340142130851746,0.35849013924598694,target_iz_local
2023-02-25,2023-03-04,U10,U10,S02001638,main,income_deprivation,10.56408814589186,41.87549956346351,41.87549956346351,0.0,0.3181084990501404,0.32340142130851746,0.35849013924598694,target_iz_local
2023-02-25,2023-03-04,U10,U10,S02001638,main,employment_deprivation,-3.5178698698679813,41.87549956346351,41.87549956346351,0.0,0.3181084990501404,0.32340142130851746,0.35849013924598694,target_iz_local
2023-02-25,2023-03-04,U10,U10,S02001638,main,higher_education,1.0965279022852563,41.87549956346351,41.87549956346351,0.0,0.3181084990501404,0.32340142130851746,0.35849013924598694,target_iz_local
2023-02-25,2023-03-04,U10,U10,S02001638,main,overcrowding,-0.5086008866628073,41.87549956346351,41.87549956346351,0.0,0.3181084990501404,0.32340142130851746,0.35849013924598694,target_iz_local
2023-02-25,2023-03-04,U10,U10,S02001638,main,crime,0.4935469071070324,41.87549956346351,41.87549956346351,0.0,0.3181084990501404,0.32340142130851746,0.35849013924598694,target_iz_local
2023-02-25,2023-03-04,U10,U10,S02001638,main,public_transport_time_to_gp,-0.2017850240071623,41.87549956346351,41.87549956346351,0.0,0.3181084990501404,0.32340142130851746,0.35849013924598694,target_iz_local
2023-02-25,2023-03-04,U10,U10,S02001638,location,location,1.054949660528277,41.87549956346351,41.87549956346351,0.0,0.3181084990501404,0.32340142130851746,0.35849013924598694,target_iz_local
2023-02-25,2023-03-04,U10,U10,S02001638,location_interaction,location_x_income_deprivation,-1.7797948167437938,41.87549956346351,41.87549956346351,0.0,0.3181084990501404,0.32340142130851746,0.35849013924598694,target_iz_local
2023-02-25,2023-03-04,U10,U10,S02001638,location_interaction,location_x_employment_deprivation,0.713200834819268,41.87549956346351,41.87549956346351,0.0,0.3181084990501404,0.32340142130851746,0.35849013924598694,target_iz_local
2023-02-25,2023-03-04,U10,U10,S02001638,location_interaction,location_x_higher_education,0.4265198741640393,41.87549956346351,41.87549956346351,0.0,0.3181084990501404,0.32340142130851746,0.35849013924598694,target_iz_local
2023-02-25,2023-03-04,U10,U10,S02001638,location_interaction,location_x_overcrowding,-0.6649521873110769,41.87549956346351,41.87549956346351,0.0,0.3181084990501404,0.32340142130851746,0.35849013924598694,target_iz_local
2023-02-25,2023-03-04,U10,U10,S02001638,location_interaction,location_x_crime,0.675593490827653,41.87549956346351,41.87549956346351,0.0,0.3181084990501404,0.32340142130851746,0.35849013924598694,target_iz_local
2023-02-25,2023-03-04,U10,U10,S02001638,location_interaction,location_x_public_transport_time_to_gp,-0.1288497970217746,41.87549956346351,41.87549956346351,0.0,0.3181084990501404,0.32340142130851746,0.35849013924598694,target_iz_local
2023-02-25,2023-03-04,U10,U10,S02001639,baseline,baseline,37.46392879640474,39.44210872804537,39.44210872804537,0.0,0.3181084990501404,0.32340142130851746,0.35849013924598694,target_iz_local
2023-02-25,2023-03-04,U10,U10,S02001639,main,income_deprivation,0.2663565317789729,39.44210872804537,39.44210872804537,0.0,0.3181084990501404,0.32340142130851746,0.35849013924598694,target_iz_local
2023-02-25,2023-03-04,U10,U10,S02001639,main,employment_deprivation,0.0085298856099442,39.44210872804537,39.44210872804537,0.0,0.3181084990501404,0.32340142130851746,0.35849013924598694,target_iz_local
2023-02-25,2023-03-04,U10,U10,S02001639,main,higher_education,-1.6019097328186094,39.44210872804537,39.44210872804537,0.0,0.3181084990501404,0.32340142130851746,0.35849013924598694,target_iz_local
2023-02-25,2023-03-04,U10,U10,S02001639,main,overcrowding,0.3138860384623237,39.44210872804537,39.44210872804537,0.0,0.3181084990501404,0.32340142130851746,0.35849013924598694,target_iz_local
2023-02-25,2023-03-04,U10,U10,S02001639,main,crime,0.301185035705569,39.44210872804537,39.44210872804537,0.0,0.3181084990501404,0.32340142130851746,0.35849013924598694,target_iz_local
2023-02-25,2023-03-04,U10,U10,S02001639,main,public_transport_time_to_gp,-0.8107861518859885,39.44210872804537,39.44210872804537,0.0,0.3181084990501404,0.32340142130851746,0.35849013924598694,target_iz_local
2023-02-25,2023-03-04,U10,U10,S02001639,location,location,2.0557082130795514,39.44210872804537,39.44210872804537,0.0,0.3181084990501404,0.32340142130851746,0.35849013924598694,target_iz_local
2023-02-25,2023-03-04,U10,U10,S02001639,location_interaction,location_x_income_deprivation,0.0449803306942873,39.44210872804537,39.44210872804537,0.0,0.3181084990501404,0.32340142130851746,0.35849013924598694,target_iz_local
2023-02-25,2023-03-04,U10,U10,S02001639,location_interaction,location_x_employment_deprivation,-0.0536541030520488,39.44210872804537,39.44210872804537,0.0,0.3181084990501404,0.32340142130851746,0.35849013924598694,target_iz_local
2023-02-25,2023-03-04,U10,U10,S02001639,location_interaction,location_x_higher_education,1.0191162699744865,39.44210872804537,39.44210872804537,0.0,0.3181084990501404,0.32340142130851746,0.35849013924598694,target_iz_local
2023-02-25,2023-03-04,U10,U10,S02001639,location_interaction,location_x_overcrowding,-0.5121585255577502,39.44210872804537,39.44210872804537,0.0,0.3181084990501404,0.32340142130851746,0.35849013924598694,target_iz_local
2023-02-25,2023-03-04,U10,U10,S02001639,location_interaction,location_x_crime,-0.5870141074771019,39.44210872804537,39.44210872804537,0.0,0.3181084990501404,0.32340142130851746,0.35849013924598694,target_iz_local
2023-02-25,2023-03-04,U10,U10,S02001639,location_interaction,location_x_public_transport_time_to_gp,1.5339402471269885,39.44210872804537,39.44210872804537,0.0,0.3181084990501404,0.32340142130851746,0.35849013924598694,target_iz_local
2023-02-25,2023-03-04,U10,U10,S02001640,baseline,baseline,37.36465642014308,41.327043505104015,41.327043505104015,0.0,0.3181084990501404,0.32340142130851746,0.35849013924598694,target_iz_local
2023-02-25,2023-03-04,U10,U10,S02001640,main,income_deprivation,0.8751065117972273,41.327043505104015,41.327043505104015,0.0,0.3181084990501404,0.32340142130851746,0.35849013924598694,target_iz_local
2023-02-25,2023-03-04,U10,U10,S02001640,main,employment_deprivation,-0.2718434470040476,41.327043505104015,41.327043505104015,0.0,0.3181084990501404,0.32340142130851746,0.35849013924598694,target_iz_local
2023-02-25,2023-03-04,U10,U10,S02001640,main,higher_education,0.1862895511445555,41.327043505104015,41.327043505104015,0.0,0.3181084990501404,0.32340142130851746,0.35849013924598694,target_iz_local
2023-02-25,2023-03-04,U10,U10,S02001640,main,overcrowding,-0.6202036993844207,41.327043505104015,41.327043505104015,0.0,0.3181084990501404,0.32340142130851746,0.35849013924598694,target_iz_local
2023-02-25,2023-03-04,U10,U10,S02001640,main,crime,0.0089355014619359,41.327043505104015,41.327043505104015,0.0,0.3181084990501404,0.32340142130851746,0.35849013924598694,target_iz_local
2023-02-25,2023-03-04,U10,U10,S02001640,main,public_transport_time_to_gp,0.2584310713268491,41.327043505104015,41.327043505104015,0.0,0.3181084990501404,0.32340142130851746,0.35849013924598694,target_iz_local
2023-02-25,2023-03-04,U10,U10,S02001640,location,location,3.6233457656133887,41.327043505104015,41.327043505104015,0.0,0.3181084990501404,0.32340142130851746,0.35849013924598694,target_iz_local
2023-02-25,2023-03-04,U10,U10,S02001640,location_interaction,location_x_income_deprivation,-0.452541423979265,41.327043505104015,41.327043505104015,0.0,0.3181084990501404,0.32340142130851746,0.35849013924598694,target_iz_local
2023-02-25,2023-03-04,U10,U10,S02001640,location_interaction,location_x_employment_deprivation,-0.2771082651047477,41.327043505104015,41.327043505104015,0.0,0.3181084990501404,0.32340142130851746,0.35849013924598694,target_iz_local
2023-02-25,2023-03-04,U10,U10,S02001640,location_interaction,location_x_higher_education,-0.178410412016373,41.327043505104015,41.327043505104015,0.0,0.3181084990501404,0.32340142130851746,0.35849013924598694,target_iz_local
2023-02-25,2023-03-04,U10,U10,S02001640,location_interaction,location_x_overcrowding,1.262563442048574,41.327043505104015,41.327043505104015,0.0,0.3181084990501404,0.32340142130851746,0.35849013924598694,target_iz_local
2023-02-25,2023-03-04,U10,U10,S02001640,location_interaction,location_x_crime,-0.0312788100469689,41.327043505104015,41.327043505104015,0.0,0.3181084990501404,0.32340142130851746,0.35849013924598694,target_iz_local
2023-02-25,2023-03-04,U10,U10,S02001640,location_interaction,location_x_public_transport_time_to_gp,-0.4208987008957702,41.327043505104015,41.327043505104015,0.0,0.3181084990501404,0.32340142130851746,0.35849013924598694,target_iz_local
2023-02-25,2023-03-04,U10,U10,S02001641,baseline,baseline,28.5840573079208,29.449810481748923,29.449810481748923,0.0,0.3181084990501404,0.32340142130851746,0.35849013924598694,target_iz_local
2023-02-25,2023-03-04,U10,U10,S02001641,main,income_deprivation,4.107929247901574,29.449810481748923,29.449810481748923,0.0,0.3181084990501404,0.32340142130851746,0.35849013924598694,target_iz_local
2023-02-25,2023-03-04,U10,U10,S02001641,main,employment_deprivation,-2.083097137723661,29.449810481748923,29.449810481748923,0.0,0.3181084990501404,0.32340142130851746,0.35849013924598694,target_iz_local
2023-02-25,2023-03-04,U10,U10,S02001641,main,higher_education,-0.2208458241962283,29.449810481748923,29.449810481748923,0.0,0.3181084990501404,0.32340142130851746,0.35849013924598694,target_iz_local
2023-02-25,2023-03-04,U10,U10,S02001641,main,overcrowding,-0.3116179443541061,29.449810481748923,29.449810481748923,0.0,0.3181084990501404,0.32340142130851746,0.35849013924598694,target_iz_local
2023-02-25,2023-03-04,U10,U10,S02001641,main,crime,0.3727669102805012,29.449810481748923,29.449810481748923,0.0,0.3181084990501404,0.32340142130851746,0.35849013924598694,target_iz_local
2023-02-25,2023-03-04,U10,U10,S02001641,main,public_transport_time_to_gp,-0.2594871975126753,29.449810481748923,29.449810481748923,0.0,0.3181084990501404,0.32340142130851746,0.35849013924598694,target_iz_local
2023-02-25,2023-03-04,U10,U10,S02001641,location,location,4.239074784233475,29.449810481748923,29.449810481748923,0.0,0.3181084990501404,0.32340142130851746,0.35849013924598694,target_iz_local
2023-02-25,2023-03-04,U10,U10,S02001641,location_interaction,location_x_income_deprivation,-2.810183084578765,29.449810481748923,29.449810481748923,0.0,0.3181084990501404,0.32340142130851746,0.35849013924598694,target_iz_local
2023-02-25,2023-03-04,U10,U10,S02001641,location_interaction,location_x_employment_deprivation,-0.1315550054822574,29.449810481748923,29.449810481748923,0.0,0.3181084990501404,0.32340142130851746,0.35849013924598694,target_iz_local
2023-02-25,2023-03-04,U10,U10,S02001641,location_interaction,location_x_higher_education,-0.0201601232801149,29.449810481748923,29.449810481748923,0.0,0.3181084990501404,0.32340142130851746,0.35849013924598694,target_iz_local
2023-02-25,2023-03-04,U10,U10,S02001641,location_interaction,location_x_overcrowding,-2.2329731509799053,29.449810481748923,29.449810481748923,0.0,0.3181084990501404,0.32340142130851746,0.35849013924598694,target_iz_local
2023-02-25,2023-03-04,U10,U10,S02001641,location_interaction,location_x_crime,-0.0572957561129648,29.449810481748923,29.449810481748923,0.0,0.3181084990501404,0.32340142130851746,0.35849013924598694,target_iz_local
2023-02-25,2023-03-04,U10,U10,S02001641,location_interaction,location_x_public_transport_time_to_gp,0.2731974556332538,29.449810481748923,29.449810481748923,0.0,0.3181084990501404,0.32340142130851746,0.35849013924598694,target_iz_local
2023-02-25,2023-03-04,U10,U10,S02001642,baseline,baseline,31.26080787342803,34.94766891163604,34.94766891163604,0.0,0.3181084990501404,0.32340142130851746,0.35849013924598694,target_iz_local
2023-02-25,2023-03-04,U10,U10,S02001642,main,income_deprivation,1.4403537750244215,34.94766891163604,34.94766891163604,0.0,0.3181084990501404,0.32340142130851746,0.35849013924598694,target_iz_local
2023-02-25,2023-03-04,U10,U10,S02001642,main,employment_deprivation,-0.8377971649169965,34.94766891163604,34.94766891163604,0.0,0.3181084990501404,0.32340142130851746,0.35849013924598694,target_iz_local
2023-02-25,2023-03-04,U10,U10,S02001642,main,higher_education,0.5075982411702487,34.94766891163604,34.94766891163604,0.0,0.3181084990501404,0.32340142130851746,0.35849013924598694,target_iz_local
2023-02-25,2023-03-04,U10,U10,S02001642,main,overcrowding,-0.1388071060180688,34.94766891163604,34.94766891163604,0.0,0.3181084990501404,0.32340142130851746,0.35849013924598694,target_iz_local
2023-02-25,2023-03-04,U10,U10,S02001642,main,crime,0.0174292882283534,34.94766891163604,34.94766891163604,0.0,0.3181084990501404,0.32340142130851746,0.35849013924598694,target_iz_local
2023-02-25,2023-03-04,U10,U10,S02001642,main,public_transport_time_to_gp,-0.1266533533732127,34.94766891163604,34.94766891163604,0.0,0.3181084990501404,0.32340142130851746,0.35849013924598694,target_iz_local
2023-02-25,2023-03-04,U10,U10,S02001642,location,location,3.515514028640034,34.94766891163604,34.94766891163604,0.0,0.3181084990501404,0.32340142130851746,0.35849013924598694,target_iz_local
2023-02-25,2023-03-04,U10,U10,S02001642,location_interaction,location_x_income_deprivation,-0.9043962751116196,34.94766891163604,34.94766891163604,0.0,0.3181084990501404,0.32340142130851746,0.35849013924598694,target_iz_local
2023-02-25,2023-03-04,U10,U10,S02001642,location_interaction,location_x_employment_deprivation,-0.3534270241146977,34.94766891163604,34.94766891163604,0.0,0.3181084990501404,0.32340142130851746,0.35849013924598694,target_iz_local
2023-02-25,2023-03-04,U10,U10,S02001642,location_interaction,location_x_higher_education,-0.1759846006120989,34.94766891163604,34.94766891163604,0.0,0.3181084990501404,0.32340142130851746,0.35849013924598694,target_iz_local
2023-02-25,2023-03-04,U10,U10,S02001642,location_interaction,location_x_overcrowding,0.4191744214012523,34.94766891163604,34.94766891163604,0.0,0.3181084990501404,0.32340142130851746,0.35849013924598694,target_iz_local
2023-02-25,2023-03-04,U10,U10,S02001642,location_interaction,location_x_crime,0.1254660651797307,34.94766891163604,34.94766891163604,0.0,0.3181084990501404,0.32340142130851746,0.35849013924598694,target_iz_local
2023-02-25,2023-03-04,U10,U10,S02001642,location_interaction,location_x_public_transport_time_to_gp,0.1983907427106608,34.94766891163604,34.94766891163604,0.0,0.3181084990501404,0.32340142130851746,0.35849013924598694,target_iz_local
2023-02-25,2023-03-04,U10,U10,S02001643,baseline,baseline,29.273442379388364,29.99972068444208,29.99972068444208,7.105427357601002e-15,0.3181084990501404,0.32340142130851746,0.35849013924598694,target_iz_local
2023-02-25,2023-03-04,U10,U10,S02001643,main,income_deprivation,3.441370282854367,29.99972068444208,29.99972068444208,7.105427357601002e-15,0.3181084990501404,0.32340142130851746,0.35849013924598694,target_iz_local
2023-02-25,2023-03-04,U10,U10,S02001643,main,employment_deprivation,-0.8781656401498024,29.99972068444208,29.99972068444208,7.105427357601002e-15,0.3181084990501404,0.32340142130851746,0.35849013924598694,target_iz_local
2023-02-25,2023-03-04,U10,U10,S02001643,main,higher_education,0.6456775846935452,29.99972068444208,29.99972068444208,7.105427357601002e-15,0.3181084990501404,0.32340142130851746,0.35849013924598694,target_iz_local
2023-02-25,2023-03-04,U10,U10,S02001643,main,overcrowding,-0.3008234796069994,29.99972068444208,29.99972068444208,7.105427357601002e-15,0.3181084990501404,0.32340142130851746,0.35849013924598694,target_iz_local
2023-02-25,2023-03-04,U10,U10,S02001643,main,crime,1.577357818966826,29.99972068444208,29.99972068444208,7.105427357601002e-15,0.3181084990501404,0.32340142130851746,0.35849013924598694,target_iz_local
2023-02-25,2023-03-04,U10,U10,S02001643,main,public_transport_time_to_gp,-0.6450403985523085,29.99972068444208,29.99972068444208,7.105427357601002e-15,0.3181084990501404,0.32340142130851746,0.35849013924598694,target_iz_local
2023-02-25,2023-03-04,U10,U10,S02001643,location,location,5.408200590951123,29.99972068444208,29.99972068444208,7.105427357601002e-15,0.3181084990501404,0.32340142130851746,0.35849013924598694,target_iz_local
2023-02-25,2023-03-04,U10,U10,S02001643,location_interaction,location_x_income_deprivation,-2.96619505201069,29.99972068444208,29.99972068444208,7.105427357601002e-15,0.3181084990501404,0.32340142130851746,0.35849013924598694,target_iz_local
2023-02-25,2023-03-04,U10,U10,S02001643,location_interaction,location_x_employment_deprivation,-0.2281450044541119,29.99972068444208,29.99972068444208,7.105427357601002e-15,0.3181084990501404,0.32340142130851746,0.35849013924598694,target_iz_local
2023-02-25,2023-03-04,U10,U10,S02001643,location_interaction,location_x_higher_education,0.0270886648268891,29.99972068444208,29.99972068444208,7.105427357601002e-15,0.3181084990501404,0.32340142130851746,0.35849013924598694,target_iz_local
2023-02-25,2023-03-04,U10,U10,S02001643,location_interaction,location_x_overcrowding,-3.175932480040044,29.99972068444208,29.99972068444208,7.105427357601002e-15,0.3181084990501404,0.32340142130851746,0.35849013924598694,target_iz_local
2023-02-25,2023-03-04,U10,U10,S02001643,location_interaction,location_x_crime,-1.313364292326437,29.99972068444208,29.99972068444208,7.105427357601002e-15,0.3181084990501404,0.32340142130851746,0.35849013924598694,target_iz_local
2023-02-25,2023-03-04,U10,U10,S02001643,location_interaction,location_x_public_transport_time_to_gp,-0.8657502900986458,29.99972068444208,29.99972068444208,7.105427357601002e-15,0.3181084990501404,0.32340142130851746,0.35849013924598694,target_iz_local
2023-02-25,2023-03-04,U10,U10,S02001644,baseline,baseline,32.67543460836198,33.253906745813154,33.253906745813154,0.0,0.3181084990501404,0.32340142130851746,0.35849013924598694,target_iz_local
2023-02-25,2023-03-04,U10,U10,S02001644,main,income_deprivation,1.7075609252566435,33.253906745813154,33.253906745813154,0.0,0.3181084990501404,0.32340142130851746,0.35849013924598694,target_iz_local
2023-02-25,2023-03-04,U10,U10,S02001644,main,employment_deprivation,-0.263791842687699,33.253906745813154,33.253906745813154,0.0,0.3181084990501404,0.32340142130851746,0.35849013924598694,target_iz_local
2023-02-25,2023-03-04,U10,U10,S02001644,main,higher_education,0.2382949556623165,33.253906745813154,33.253906745813154,0.0,0.3181084990501404,0.32340142130851746,0.35849013924598694,target_iz_local
2023-02-25,2023-03-04,U10,U10,S02001644,main,overcrowding,0.457923480442593,33.253906745813154,33.253906745813154,0.0,0.3181084990501404,0.32340142130851746,0.35849013924598694,target_iz_local
2023-02-25,2023-03-04,U10,U10,S02001644,main,crime,0.1451561019534159,33.253906745813154,33.253906745813154,0.0,0.3181084990501404,0.32340142130851746,0.35849013924598694,target_iz_local
2023-02-25,2023-03-04,U10,U10,S02001644,main,public_transport_time_to_gp,-0.5556766146705298,33.253906745813154,33.253906745813154,0.0,0.3181084990501404,0.32340142130851746,0.35849013924598694,target_iz_local
2023-02-25,2023-03-04,U10,U10,S02001644,location,location,4.187269955589672,33.253906745813154,33.253906745813154,0.0,0.3181084990501404,0.32340142130851746,0.35849013924598694,target_iz_local
2023-02-25,2023-03-04,U10,U10,S02001644,location_interaction,location_x_income_deprivation,-1.4056392896743126,33.253906745813154,33.253906745813154,0.0,0.3181084990501404,0.32340142130851746,0.35849013924598694,target_iz_local
2023-02-25,2023-03-04,U10,U10,S02001644,location_interaction,location_x_employment_deprivation,-0.1972602435520732,33.253906745813154,33.253906745813154,0.0,0.3181084990501404,0.32340142130851746,0.35849013924598694,target_iz_local
2023-02-25,2023-03-04,U10,U10,S02001644,location_interaction,location_x_higher_education,0.2017794382004519,33.253906745813154,33.253906745813154,0.0,0.3181084990501404,0.32340142130851746,0.35849013924598694,target_iz_local
2023-02-25,2023-03-04,U10,U10,S02001644,location_interaction,location_x_overcrowding,-3.5800685155959395,33.253906745813154,33.253906745813154,0.0,0.3181084990501404,0.32340142130851746,0.35849013924598694,target_iz_local
2023-02-25,2023-03-04,U10,U10,S02001644,location_interaction,location_x_crime,-0.053743639446443,33.253906745813154,33.253906745813154,0.0,0.3181084990501404,0.32340142130851746,0.35849013924598694,target_iz_local
2023-02-25,2023-03-04,U10,U10,S02001644,location_interaction,location_x_public_transport_time_to_gp,-0.3033325740269243,33.253906745813154,33.253906745813154,0.0,0.3181084990501404,0.32340142130851746,0.35849013924598694,target_iz_local
2023-02-25,2023-03-04,U10,U10,S02001645,baseline,baseline,34.57932552481412,34.903584329135406,34.903584329135406,0.0,0.3181084990501404,0.32340142130851746,0.35849013924598694,target_iz_local
2023-02-25,2023-03-04,U10,U10,S02001645,main,income_deprivation,0.7228380362192826,34.903584329135406,34.903584329135406,0.0,0.3181084990501404,0.32340142130851746,0.35849013924598694,target_iz_local
2023-02-25,2023-03-04,U10,U10,S02001645,main,employment_deprivation,-0.212861982981365,34.903584329135406,34.903584329135406,0.0,0.3181084990501404,0.32340142130851746,0.35849013924598694,target_iz_local
2023-02-25,2023-03-04,U10,U10,S02001645,main,higher_education,1.2884672800699923,34.903584329135406,34.903584329135406,0.0,0.3181084990501404,0.32340142130851746,0.35849013924598694,target_iz_local
2023-02-25,2023-03-04,U10,U10,S02001645,main,overcrowding,-1.6360533555348786,34.903584329135406,34.903584329135406,0.0,0.3181084990501404,0.32340142130851746,0.35849013924598694,target_iz_local
2023-02-25,2023-03-04,U10,U10,S02001645,main,crime,-0.0240940888722742,34.903584329135406,34.903584329135406,0.0,0.3181084990501404,0.32340142130851746,0.35849013924598694,target_iz_local
2023-02-25,2023-03-04,U10,U10,S02001645,main,public_transport_time_to_gp,-1.8303586975676651e-16,34.903584329135406,34.903584329135406,0.0,0.3181084990501404,0.32340142130851746,0.35849013924598694,target_iz_local
2023-02-25,2023-03-04,U10,U10,S02001645,location,location,1.0156388600667363,34.903584329135406,34.903584329135406,0.0,0.3181084990501404,0.32340142130851746,0.35849013924598694,target_iz_local
2023-02-25,2023-03-04,U10,U10,S02001645,location_interaction,location_x_income_deprivation,-0.2881295522054083,34.903584329135406,34.903584329135406,0.0,0.3181084990501404,0.32340142130851746,0.35849013924598694,target_iz_local
2023-02-25,2023-03-04,U10,U10,S02001645,location_interaction,location_x_employment_deprivation,-0.2936589558919263,34.903584329135406,34.903584329135406,0.0,0.3181084990501404,0.32340142130851746,0.35849013924598694,target_iz_local
2023-02-25,2023-03-04,U10,U10,S02001645,location_interaction,location_x_higher_education,0.2622477690378764,34.903584329135406,34.903584329135406,0.0,0.3181084990501404,0.32340142130851746,0.35849013924598694,target_iz_local
2023-02-25,2023-03-04,U10,U10,S02001645,location_interaction,location_x_overcrowding,-0.5542007287343279,34.903584329135406,34.903584329135406,0.0,0.3181084990501404,0.32340142130851746,0.35849013924598694,target_iz_local
2023-02-25,2023-03-04,U10,U10,S02001645,location_interaction,location_x_crime,0.044065523147583,34.903584329135406,34.903584329135406,0.0,0.3181084990501404,0.32340142130851746,0.35849013924598694,target_iz_local
2023-02-25,2023-03-04,U10,U10,S02001645,location_interaction,location_x_public_transport_time_to_gp,-4.419302269819859e-16,34.903584329135406,34.903584329135406,0.0,0.3181084990501404,0.32340142130851746,0.35849013924598694,target_iz_local
2023-02-25,2023-03-04,U10,U10,S02001646,baseline,baseline,37.29522821398311,39.9664051243835,39.9664051243835,0.0,0.3181084990501404,0.32340142130851746,0.35849013924598694,target_iz_local
2023-02-25,2023-03-04,U10,U10,S02001646,main,income_deprivation,1.858810894829893,39.9664051243835,39.9664051243835,0.0,0.3181084990501404,0.32340142130851746,0.35849013924598694,target_iz_local
2023-02-25,2023-03-04,U10,U10,S02001646,main,employment_deprivation,-0.7020084767114589,39.9664051243835,39.9664051243835,0.0,0.3181084990501404,0.32340142130851746,0.35849013924598694,target_iz_local
2023-02-25,2023-03-04,U10,U10,S02001646,main,higher_education,1.664502200626198,39.9664051243835,39.9664051243835,0.0,0.3181084990501404,0.32340142130851746,0.35849013924598694,target_iz_local
2023-02-25,2023-03-04,U10,U10,S02001646,main,overcrowding,-0.0835538296472469,39.9664051243835,39.9664051243835,0.0,0.3181084990501404,0.32340142130851746,0.35849013924598694,target_iz_local
2023-02-25,2023-03-04,U10,U10,S02001646,main,crime,-0.0059091954004233,39.9664051243835,39.9664051243835,0.0,0.3181084990501404,0.32340142130851746,0.35849013924598694,target_iz_local
2023-02-25,2023-03-04,U10,U10,S02001646,main,public_transport_time_to_gp,-0.1551990736098544,39.9664051243835,39.9664051243835,0.0,0.3181084990501404,0.32340142130851746,0.35849013924598694,target_iz_local
2023-02-25,2023-03-04,U10,U10,S02001646,location,location,1.4473584447588268,39.9664051243835,39.9664051243835,0.0,0.3181084990501404,0.32340142130851746,0.35849013924598694,target_iz_local
2023-02-25,2023-03-04,U10,U10,S02001646,location_interaction,location_x_income_deprivation,-0.9943809486570878,39.9664051243835,39.9664051243835,0.0,0.3181084990501404,0.32340142130851746,0.35849013924598694,target_iz_local
2023-02-25,2023-03-04,U10,U10,S02001646,location_interaction,location_x_employment_deprivation,-0.369636406217299,39.9664051243835,39.9664051243835,0.0,0.3181084990501404,0.32340142130851746,0.35849013924598694,target_iz_local
2023-02-25,2023-03-04,U10,U10,S02001646,location_interaction,location_x_higher_education,0.0747105303264722,39.9664051243835,39.9664051243835,0.0,0.3181084990501404,0.32340142130851746,0.35849013924598694,target_iz_local
2023-02-25,2023-03-04,U10,U10,S02001646,location_interaction,location_x_overcrowding,-0.091305476143247,39.9664051243835,39.9664051243835,0.0,0.3181084990501404,0.32340142130851746,0.35849013924598694,target_iz_local
2023-02-25,2023-03-04,U10,U10,S02001646,location_interaction,location_x_crime,0.0250101430075541,39.9664051243835,39.9664051243835,0.0,0.3181084990501404,0.32340142130851746,0.35849013924598694,target_iz_local
2023-02-25,2023-03-04,U10,U10,S02001646,location_interaction,location_x_public_transport_time_to_gp,0.0027781032380633,39.9664051243835,39.9664051243835,0.0,0.3181084990501404,0.32340142130851746,0.35849013924598694,target_iz_local
2023-02-25,2023-03-04,U10,U10,S02001647,baseline,baseline,28.337176611264493,31.242651274045254,31.242651274045254,3.552713678800501e-15,0.3181084990501404,0.32340142130851746,0.35849013924598694,target_iz_local
2023-02-25,2023-03-04,U10,U10,S02001647,main,income_deprivation,-0.3693767184302933,31.242651274045254,31.242651274045254,3.552713678800501e-15,0.3181084990501404,0.32340142130851746,0.35849013924598694,target_iz_local
2023-02-25,2023-03-04,U10,U10,S02001647,main,employment_deprivation,0.0605765070234036,31.242651274045254,31.242651274045254,3.552713678800501e-15,0.3181084990501404,0.32340142130851746,0.35849013924598694,target_iz_local
2023-02-25,2023-03-04,U10,U10,S02001647,main,higher_education,0.5816939081464523,31.242651274045254,31.242651274045254,3.552713678800501e-15,0.3181084990501404,0.32340142130851746,0.35849013924598694,target_iz_local
2023-02-25,2023-03-04,U10,U10,S02001647,main,overcrowding,0.1009065355573382,31.242651274045254,31.242651274045254,3.552713678800501e-15,0.3181084990501404,0.32340142130851746,0.35849013924598694,target_iz_local
2023-02-25,2023-03-04,U10,U10,S02001647,main,crime,-0.0109469050452821,31.242651274045254,31.242651274045254,3.552713678800501e-15,0.3181084990501404,0.32340142130851746,0.35849013924598694,target_iz_local
2023-02-25,2023-03-04,U10,U10,S02001647,main,public_transport_time_to_gp,-0.5784910792396208,31.242651274045254,31.242651274045254,3.552713678800501e-15,0.3181084990501404,0.32340142130851746,0.35849013924598694,target_iz_local
2023-02-25,2023-03-04,U10,U10,S02001647,location,location,1.3567457744053495,31.242651274045254,31.242651274045254,3.552713678800501e-15,0.3181084990501404,0.32340142130851746,0.35849013924598694,target_iz_local
2023-02-25,2023-03-04,U10,U10,S02001647,location_interaction,location_x_income_deprivation,0.0287630262829017,31.242651274045254,31.242651274045254,3.552713678800501e-15,0.3181084990501404,0.32340142130851746,0.35849013924598694,target_iz_local
2023-02-25,2023-03-04,U10,U10,S02001647,location_interaction,location_x_employment_deprivation,0.0169481459118046,31.242651274045254,31.242651274045254,3.552713678800501e-15,0.3181084990501404,0.32340142130851746,0.35849013924598694,target_iz_local
2023-02-25,2023-03-04,U10,U10,S02001647,location_interaction,location_x_higher_education,-0.14588589441209,31.242651274045254,31.242651274045254,3.552713678800501e-15,0.3181084990501404,0.32340142130851746,0.35849013924598694,target_iz_local
2023-02-25,2023-03-04,U10,U10,S02001647,location_interaction,location_x_overcrowding,0.8821968578156968,31.242651274045254,31.242651274045254,3.552713678800501e-15,0.3181084990501404,0.32340142130851746,0.35849013924598694,target_iz_local
2023-02-25,2023-03-04,U10,U10,S02001647,location_interaction,location_x_crime,0.3190965834118058,31.242651274045254,31.242651274045254,3.552713678800501e-15,0.3181084990501404,0.32340142130851746,0.35849013924598694,target_iz_local
2023-02-25,2023-03-04,U10,U10,S02001647,location_interaction,location_x_public_transport_time_to_gp,0.6632479213532957,31.242651274045254,31.242651274045254,3.552713678800501e-15,0.3181084990501404,0.32340142130851746,0.35849013924598694,target_iz_local
2023-02-25,2023-03-04,U10,U10,S02001648,baseline,baseline,38.1500727936014,40.47029946291293,40.47029946291293,0.0,0.3181084990501404,0.32340142130851746,0.35849013924598694,target_iz_local
2023-02-25,2023-03-04,U10,U10,S02001648,main,income_deprivation,1.3712072258903922,40.47029946291293,40.47029946291293,0.0,0.3181084990501404,0.32340142130851746,0.35849013924598694,target_iz_local
2023-02-25,2023-03-04,U10,U10,S02001648,main,employment_deprivation,-1.3675178641364745,40.47029946291293,40.47029946291293,0.0,0.3181084990501404,0.32340142130851746,0.35849013924598694,target_iz_local
2023-02-25,2023-03-04,U10,U10,S02001648,main,higher_education,0.7480952785128657,40.47029946291293,40.47029946291293,0.0,0.3181084990501404,0.32340142130851746,0.35849013924598694,target_iz_local
2023-02-25,2023-03-04,U10,U10,S02001648,main,overcrowding,-0.2632043952033649,40.47029946291293,40.47029946291293,0.0,0.3181084990501404,0.32340142130851746,0.35849013924598694,target_iz_local
2023-02-25,2023-03-04,U10,U10,S02001648,main,crime,-0.0140614941006622,40.47029946291293,40.47029946291293,0.0,0.3181084990501404,0.32340142130851746,0.35849013924598694,target_iz_local
2023-02-25,2023-03-04,U10,U10,S02001648,main,public_transport_time_to_gp,0.0843671526227686,40.47029946291293,40.47029946291293,0.0,0.3181084990501404,0.32340142130851746,0.35849013924598694,target_iz_local
2023-02-25,2023-03-04,U10,U10,S02001648,location,location,2.383026586260123,40.47029946291293,40.47029946291293,0.0,0.3181084990501404,0.32340142130851746,0.35849013924598694,target_iz_local
2023-02-25,2023-03-04,U10,U10,S02001648,location_interaction,location_x_income_deprivation,-0.7126557372865301,40.47029946291293,40.47029946291293,0.0,0.3181084990501404,0.32340142130851746,0.35849013924598694,target_iz_local
2023-02-25,2023-03-04,U10,U10,S02001648,location_interaction,location_x_employment_deprivation,-0.4425608021872347,40.47029946291293,40.47029946291293,0.0,0.3181084990501404,0.32340142130851746,0.35849013924598694,target_iz_local
2023-02-25,2023-03-04,U10,U10,S02001648,location_interaction,location_x_higher_education,-0.2776501996176609,40.47029946291293,40.47029946291293,0.0,0.3181084990501404,0.32340142130851746,0.35849013924598694,target_iz_local
2023-02-25,2023-03-04,U10,U10,S02001648,location_interaction,location_x_overcrowding,0.7464247998737165,40.47029946291293,40.47029946291293,0.0,0.3181084990501404,0.32340142130851746,0.35849013924598694,target_iz_local
2023-02-25,2023-03-04,U10,U10,S02001648,location_interaction,location_x_crime,0.1751947062356126,40.47029946291293,40.47029946291293,0.0,0.3181084990501404,0.32340142130851746,0.35849013924598694,target_iz_local
2023-02-25,2023-03-04,U10,U10,S02001648,location_interaction,location_x_public_transport_time_to_gp,-0.1104385875520276,40.47029946291293,40.47029946291293,0.0,0.3181084990501404,0.32340142130851746,0.35849013924598694,target_iz_local
2023-02-25,2023-03-04,U10,U10,S02001649,baseline,baseline,29.95232402977013,32.35955440696739,32.35955440696739,0.0,0.3181084990501404,0.32340142130851746,0.35849013924598694,target_iz_local
2023-02-25,2023-03-04,U10,U10,S02001649,main,income_deprivation,1.703323846771611,32.35955440696739,32.35955440696739,0.0,0.3181084990501404,0.32340142130851746,0.35849013924598694,target_iz_local
2023-02-25,2023-03-04,U10,U10,S02001649,main,employment_deprivation,-1.1766068719682286,32.35955440696739,32.35955440696739,0.0,0.3181084990501404,0.32340142130851746,0.35849013924598694,target_iz_local
2023-02-25,2023-03-04,U10,U10,S02001649,main,higher_education,-0.3683695180075528,32.35955440696739,32.35955440696739,0.0,0.3181084990501404,0.32340142130851746,0.35849013924598694,target_iz_local
2023-02-25,2023-03-04,U10,U10,S02001649,main,overcrowding,-0.4966675383704061,32.35955440696739,32.35955440696739,0.0,0.3181084990501404,0.32340142130851746,0.35849013924598694,target_iz_local
2023-02-25,2023-03-04,U10,U10,S02001649,main,crime,-0.0411157153901602,32.35955440696739,32.35955440696739,0.0,0.3181084990501404,0.32340142130851746,0.35849013924598694,target_iz_local
2023-02-25,2023-03-04,U10,U10,S02001649,main,public_transport_time_to_gp,0.1594556070509416,32.35955440696739,32.35955440696739,0.0,0.3181084990501404,0.32340142130851746,0.35849013924598694,target_iz_local
2023-02-25,2023-03-04,U10,U10,S02001649,location,location,2.8942961829049345,32.35955440696739,32.35955440696739,0.0,0.3181084990501404,0.32340142130851746,0.35849013924598694,target_iz_local
2023-02-25,2023-03-04,U10,U10,S02001649,location_interaction,location_x_income_deprivation,-0.721210424105338,32.35955440696739,32.35955440696739,0.0,0.3181084990501404,0.32340142130851746,0.35849013924598694,target_iz_local
2023-02-25,2023-03-04,U10,U10,S02001649,location_interaction,location_x_employment_deprivation,-0.1366935332616128,32.35955440696739,32.35955440696739,0.0,0.3181084990501404,0.32340142130851746,0.35849013924598694,target_iz_local
2023-02-25,2023-03-04,U10,U10,S02001649,location_interaction,location_x_higher_education,0.1043426831563311,32.35955440696739,32.35955440696739,0.0,0.3181084990501404,0.32340142130851746,0.35849013924598694,target_iz_local
2023-02-25,2023-03-04,U10,U10,S02001649,location_interaction,location_x_overcrowding,-0.0269306739171353,32.35955440696739,32.35955440696739,0.0,0.3181084990501404,0.32340142130851746,0.35849013924598694,target_iz_local
2023-02-25,2023-03-04,U10,U10,S02001649,location_interaction,location_x_crime,0.2892564614613832,32.35955440696739,32.35955440696739,0.0,0.3181084990501404,0.32340142130851746,0.35849013924598694,target_iz_local
2023-02-25,2023-03-04,U10,U10,S02001649,location_interaction,location_x_public_transport_time_to_gp,0.2241498708724952,32.35955440696739,32.35955440696739,0.0,0.3181084990501404,0.32340142130851746,0.35849013924598694,target_iz_local
2023-02-25,2023-03-04,U10,U10,S02001650,baseline,baseline,27.93831766139222,27.446217899429328,27.446217899429328,0.0,0.3181084990501404,0.32340142130851746,0.35849013924598694,target_iz_local
2023-02-25,2023-03-04,U10,U10,S02001650,main,income_deprivation,-1.1114012133507525,27.446217899429328,27.446217899429328,0.0,0.3181084990501404,0.32340142130851746,0.35849013924598694,target_iz_local
2023-02-25,2023-03-04,U10,U10,S02001650,main,employment_deprivation,-0.1347824386187958,27.446217899429328,27.446217899429328,0.0,0.3181084990501404,0.32340142130851746,0.35849013924598694,target_iz_local
2023-02-25,2023-03-04,U10,U10,S02001650,main,higher_education,-2.74751070255326,27.446217899429328,27.446217899429328,0.0,0.3181084990501404,0.32340142130851746,0.35849013924598694,target_iz_local
2023-02-25,2023-03-04,U10,U10,S02001650,main,overcrowding,0.3909672139656012,27.446217899429328,27.446217899429328,0.0,0.3181084990501404,0.32340142130851746,0.35849013924598694,target_iz_local
2023-02-25,2023-03-04,U10,U10,S02001650,main,crime,0.00108890419915,27.446217899429328,27.446217899429328,0.0,0.3181084990501404,0.32340142130851746,0.35849013924598694,target_iz_local
2023-02-25,2023-03-04,U10,U10,S02001650,main,public_transport_time_to_gp,-0.3116871328580922,27.446217899429328,27.446217899429328,0.0,0.3181084990501404,0.32340142130851746,0.35849013924598694,target_iz_local
2023-02-25,2023-03-04,U10,U10,S02001650,location,location,3.036919395696561,27.446217899429328,27.446217899429328,0.0,0.3181084990501404,0.32340142130851746,0.35849013924598694,target_iz_local
2023-02-25,2023-03-04,U10,U10,S02001650,location_interaction,location_x_income_deprivation,0.1581992603483662,27.446217899429328,27.446217899429328,0.0,0.3181084990501404,0.32340142130851746,0.35849013924598694,target_iz_local
2023-02-25,2023-03-04,U10,U10,S02001650,location_interaction,location_x_employment_deprivation,-0.1244422696885623,27.446217899429328,27.446217899429328,0.0,0.3181084990501404,0.32340142130851746,0.35849013924598694,target_iz_local
2023-02-25,2023-03-04,U10,U10,S02001650,location_interaction,location_x_higher_education,0.3600410855951852,27.446217899429328,27.446217899429328,0.0,0.3181084990501404,0.32340142130851746,0.35849013924598694,target_iz_local
2023-02-25,2023-03-04,U10,U10,S02001650,location_interaction,location_x_overcrowding,-0.8005564583199417,27.446217899429328,27.446217899429328,0.0,0.3181084990501404,0.32340142130851746,0.35849013924598694,target_iz_local
2023-02-25,2023-03-04,U10,U10,S02001650,location_interaction,location_x_crime,-0.0054652991749053,27.446217899429328,27.446217899429328,0.0,0.3181084990501404,0.32340142130851746,0.35849013924598694,target_iz_local
2023-02-25,2023-03-04,U10,U10,S02001650,location_interaction,location_x_public_transport_time_to_gp,0.7965298927965563,27.446217899429328,27.446217899429328,0.0,0.3181084990501404,0.32340142130851746,0.35849013924598694,target_iz_local
2023-02-25,2023-03-04,U10,U10,S02001651,baseline,baseline,30.69440447906699,28.12144314865317,28.12144314865317,0.0,0.3181084990501404,0.32340142130851746,0.35849013924598694,target_iz_local
2023-02-25,2023-03-04,U10,U10,S02001651,main,income_deprivation,-0.6425797099158889,28.12144314865317,28.12144314865317,0.0,0.3181084990501404,0.32340142130851746,0.35849013924598694,target_iz_local
2023-02-25,2023-03-04,U10,U10,S02001651,main,employment_deprivation,-0.0552680764879472,28.12144314865317,28.12144314865317,0.0,0.3181084990501404,0.32340142130851746,0.35849013924598694,target_iz_local
2023-02-25,2023-03-04,U10,U10,S02001651,main,higher_education,-2.720248519806645,28.12144314865317,28.12144314865317,0.0,0.3181084990501404,0.32340142130851746,0.35849013924598694,target_iz_local
2023-02-25,2023-03-04,U10,U10,S02001651,main,overcrowding,0.1665833518618655,28.12144314865317,28.12144314865317,0.0,0.3181084990501404,0.32340142130851746,0.35849013924598694,target_iz_local
2023-02-25,2023-03-04,U10,U10,S02001651,main,crime,-0.0003960722968676,28.12144314865317,28.12144314865317,0.0,0.3181084990501404,0.32340142130851746,0.35849013924598694,target_iz_local
2023-02-25,2023-03-04,U10,U10,S02001651,main,public_transport_time_to_gp,-0.0250615710303869,28.12144314865317,28.12144314865317,0.0,0.3181084990501404,0.32340142130851746,0.35849013924598694,target_iz_local
2023-02-25,2023-03-04,U10,U10,S02001651,location,location,1.5843061537969738,28.12144314865317,28.12144314865317,0.0,0.3181084990501404,0.32340142130851746,0.35849013924598694,target_iz_local
2023-02-25,2023-03-04,U10,U10,S02001651,location_interaction,location_x_income_deprivation,0.4169307595207581,28.12144314865317,28.12144314865317,0.0,0.3181084990501404,0.32340142130851746,0.35849013924598694,target_iz_local
2023-02-25,2023-03-04,U10,U10,S02001651,location_interaction,location_x_employment_deprivation,-0.0216750894274065,28.12144314865317,28.12144314865317,0.0,0.3181084990501404,0.32340142130851746,0.35849013924598694,target_iz_local
2023-02-25,2023-03-04,U10,U10,S02001651,location_interaction,location_x_higher_education,-0.768470807302556,28.12144314865317,28.12144314865317,0.0,0.3181084990501404,0.32340142130851746,0.35849013924598694,target_iz_local
2023-02-25,2023-03-04,U10,U10,S02001651,location_interaction,location_x_overcrowding,-0.4366489364987359,28.12144314865317,28.12144314865317,0.0,0.3181084990501404,0.32340142130851746,0.35849013924598694,target_iz_local
2023-02-25,2023-03-04,U10,U10,S02001651,location_interaction,location_x_crime,-0.0991463138943659,28.12144314865317,28.12144314865317,0.0,0.3181084990501404,0.32340142130851746,0.35849013924598694,target_iz_local
2023-02-25,2023-03-04,U10,U10,S02001651,location_interaction,location_x_public_transport_time_to_gp,0.0287135010673844,28.12144314865317,28.12144314865317,0.0,0.3181084990501404,0.32340142130851746,0.35849013924598694,target_iz_local
2023-02-25,2023-03-04,U10,U10,S02001652,baseline,baseline,26.00877050595293,23.48989460902224,23.48989460902224,3.552713678800501e-15,0.3181084990501404,0.32340142130851746,0.35849013924598694,target_iz_local
2023-02-25,2023-03-04,U10,U10,S02001652,main,income_deprivation,-0.8588219529106534,23.48989460902224,23.48989460902224,3.552713678800501e-15,0.3181084990501404,0.32340142130851746,0.35849013924598694,target_iz_local
2023-02-25,2023-03-04,U10,U10,S02001652,main,employment_deprivation,-0.1515097007864975,23.48989460902224,23.48989460902224,3.552713678800501e-15,0.3181084990501404,0.32340142130851746,0.35849013924598694,target_iz_local
2023-02-25,2023-03-04,U10,U10,S02001652,main,higher_education,-4.037969588807663,23.48989460902224,23.48989460902224,3.552713678800501e-15,0.3181084990501404,0.32340142130851746,0.35849013924598694,target_iz_local
2023-02-25,2023-03-04,U10,U10,S02001652,main,overcrowding,0.791253668495592,23.48989460902224,23.48989460902224,3.552713678800501e-15,0.3181084990501404,0.32340142130851746,0.35849013924598694,target_iz_local
2023-02-25,2023-03-04,U10,U10,S02001652,main,crime,0.1396361424809438,23.48989460902224,23.48989460902224,3.552713678800501e-15,0.3181084990501404,0.32340142130851746,0.35849013924598694,target_iz_local
2023-02-25,2023-03-04,U10,U10,S02001652,main,public_transport_time_to_gp,0.2600428664968156,23.48989460902224,23.48989460902224,3.552713678800501e-15,0.3181084990501404,0.32340142130851746,0.35849013924598694,target_iz_local
2023-02-25,2023-03-04,U10,U10,S02001652,location,location,1.6302274255525553,23.48989460902224,23.48989460902224,3.552713678800501e-15,0.3181084990501404,0.32340142130851746,0.35849013924598694,target_iz_local
2023-02-25,2023-03-04,U10,U10,S02001652,location_interaction,location_x_income_deprivation,-0.1296752279713023,23.48989460902224,23.48989460902224,3.552713678800501e-15,0.3181084990501404,0.32340142130851746,0.35849013924598694,target_iz_local
2023-02-25,2023-03-04,U10,U10,S02001652,location_interaction,location_x_employment_deprivation,0.0683797314053452,23.48989460902224,23.48989460902224,3.552713678800501e-15,0.3181084990501404,0.32340142130851746,0.35849013924598694,target_iz_local
2023-02-25,2023-03-04,U10,U10,S02001652,location_interaction,location_x_higher_education,-0.7951436137869133,23.48989460902224,23.48989460902224,3.552713678800501e-15,0.3181084990501404,0.32340142130851746,0.35849013924598694,target_iz_local
2023-02-25,2023-03-04,U10,U10,S02001652,location_interaction,location_x_overcrowding,0.6149880969808166,23.48989460902224,23.48989460902224,3.552713678800501e-15,0.3181084990501404,0.32340142130851746,0.35849013924598694,target_iz_local
2023-02-25,2023-03-04,U10,U10,S02001652,location_interaction,location_x_crime,0.0710512314523931,23.48989460902224,23.48989460902224,3.552713678800501e-15,0.3181084990501404,0.32340142130851746,0.35849013924598694,target_iz_local
2023-02-25,2023-03-04,U10,U10,S02001652,location_interaction,location_x_public_transport_time_to_gp,-0.1213349755321266,23.48989460902224,23.48989460902224,3.552713678800501e-15,0.3181084990501404,0.32340142130851746,0.35849013924598694,target_iz_local
2023-02-25,2023-03-04,U10,U10,S02001653,baseline,baseline,31.38512821656853,33.3542539642492,33.3542539642492,0.0,0.3181084990501404,0.32340142130851746,0.35849013924598694,target_iz_local
2023-02-25,2023-03-04,U10,U10,S02001653,main,income_deprivation,-8.740717850335029e-16,33.3542539642492,33.3542539642492,0.0,0.3181084990501404,0.32340142130851746,0.35849013924598694,target_iz_local
2023-02-25,2023-03-04,U10,U10,S02001653,main,employment_deprivation,-0.3002945105234791,33.3542539642492,33.3542539642492,0.0,0.3181084990501404,0.32340142130851746,0.35849013924598694,target_iz_local
2023-02-25,2023-03-04,U10,U10,S02001653,main,higher_education,1.1373459657033331,33.3542539642492,33.3542539642492,0.0,0.3181084990501404,0.32340142130851746,0.35849013924598694,target_iz_local
2023-02-25,2023-03-04,U10,U10,S02001653,main,overcrowding,-0.905173190434778,33.3542539642492,33.3542539642492,0.0,0.3181084990501404,0.32340142130851746,0.35849013924598694,target_iz_local
2023-02-25,2023-03-04,U10,U10,S02001653,main,crime,0.2374062856038424,33.3542539642492,33.3542539642492,0.0,0.3181084990501404,0.32340142130851746,0.35849013924598694,target_iz_local
2023-02-25,2023-03-04,U10,U10,S02001653,main,public_transport_time_to_gp,0.2197175661722824,33.3542539642492,33.3542539642492,0.0,0.3181084990501404,0.32340142130851746,0.35849013924598694,target_iz_local
2023-02-25,2023-03-04,U10,U10,S02001653,location,location,2.152311420440682,33.3542539642492,33.3542539642492,0.0,0.3181084990501404,0.32340142130851746,0.35849013924598694,target_iz_local
2023-02-25,2023-03-04,U10,U10,S02001653,location_interaction,location_x_income_deprivation,3.062227534034027e-16,33.3542539642492,33.3542539642492,0.0,0.3181084990501404,0.32340142130851746,0.35849013924598694,target_iz_local
2023-02-25,2023-03-04,U10,U10,S02001653,location_interaction,location_x_employment_deprivation,-0.1534349918365483,33.3542539642492,33.3542539642492,0.0,0.3181084990501404,0.32340142130851746,0.35849013924598694,target_iz_local
2023-02-25,2023-03-04,U10,U10,S02001653,location_interaction,location_x_higher_education,-0.6160765171051088,33.3542539642492,33.3542539642492,0.0,0.3181084990501404,0.32340142130851746,0.35849013924598694,target_iz_local
2023-02-25,2023-03-04,U10,U10,S02001653,location_interaction,location_x_overcrowding,1.1055756409963,33.3542539642492,33.3542539642492,0.0,0.3181084990501404,0.32340142130851746,0.35849013924598694,target_iz_local
2023-02-25,2023-03-04,U10,U10,S02001653,location_interaction,location_x_crime,-0.4647439320882184,33.3542539642492,33.3542539642492,0.0,0.3181084990501404,0.32340142130851746,0.35849013924598694,target_iz_local
2023-02-25,2023-03-04,U10,U10,S02001653,location_interaction,location_x_public_transport_time_to_gp,-0.4435079892476425,33.3542539642492,33.3542539642492,0.0,0.3181084990501404,0.32340142130851746,0.35849013924598694,target_iz_local
2023-02-25,2023-03-04,U10,U10,S02001654,baseline,baseline,32.636237697236865,34.01464136087212,34.01464136087212,0.0,0.3181084990501404,0.32340142130851746,0.35849013924598694,target_iz_local
2023-02-25,2023-03-04,U10,U10,S02001654,main,income_deprivation,-0.844917206537161,34.01464136087212,34.01464136087212,0.0,0.3181084990501404,0.32340142130851746,0.35849013924598694,target_iz_local
2023-02-25,2023-03-04,U10,U10,S02001654,main,employment_deprivation,0.2481237683977414,34.01464136087212,34.01464136087212,0.0,0.3181084990501404,0.32340142130851746,0.35849013924598694,target_iz_local
2023-02-25,2023-03-04,U10,U10,S02001654,main,higher_education,0.2915038699195516,34.01464136087212,34.01464136087212,0.0,0.3181084990501404,0.32340142130851746,0.35849013924598694,target_iz_local
2023-02-25,2023-03-04,U10,U10,S02001654,main,overcrowding,-0.1741437321617503,34.01464136087212,34.01464136087212,0.0,0.3181084990501404,0.32340142130851746,0.35849013924598694,target_iz_local
2023-02-25,2023-03-04,U10,U10,S02001654,main,crime,0.3486862137204138,34.01464136087212,34.01464136087212,0.0,0.3181084990501404,0.32340142130851746,0.35849013924598694,target_iz_local
2023-02-25,2023-03-04,U10,U10,S02001654,main,public_transport_time_to_gp,0.1699993406023313,34.01464136087212,34.01464136087212,0.0,0.3181084990501404,0.32340142130851746,0.35849013924598694,target_iz_local
2023-02-25,2023-03-04,U10,U10,S02001654,location,location,1.3523962157113256,34.01464136087212,34.01464136087212,0.0,0.3181084990501404,0.32340142130851746,0.35849013924598694,target_iz_local
2023-02-25,2023-03-04,U10,U10,S02001654,location_interaction,location_x_income_deprivation,0.2917210760570751,34.01464136087212,34.01464136087212,0.0,0.3181084990501404,0.32340142130851746,0.35849013924598694,target_iz_local
2023-02-25,2023-03-04,U10,U10,S02001654,location_interaction,location_x_employment_deprivation,0.0468644641694541,34.01464136087212,34.01464136087212,0.0,0.3181084990501404,0.32340142130851746,0.35849013924598694,target_iz_local
2023-02-25,2023-03-04,U10,U10,S02001654,location_interaction,location_x_higher_education,-0.1064921197437131,34.01464136087212,34.01464136087212,0.0,0.3181084990501404,0.32340142130851746,0.35849013924598694,target_iz_local
2023-02-25,2023-03-04,U10,U10,S02001654,location_interaction,location_x_overcrowding,0.1305928094046467,34.01464136087212,34.01464136087212,0.0,0.3181084990501404,0.32340142130851746,0.35849013924598694,target_iz_local
2023-02-25,2023-03-04,U10,U10,S02001654,location_interaction,location_x_crime,-0.2711931046985462,34.01464136087212,34.01464136087212,0.0,0.3181084990501404,0.32340142130851746,0.35849013924598694,target_iz_local
2023-02-25,2023-03-04,U10,U10,S02001654,location_interaction,location_x_public_transport_time_to_gp,-0.1047379312061152,34.01464136087212,34.01464136087212,0.0,0.3181084990501404,0.32340142130851746,0.35849013924598694,target_iz_local
2023-02-25,2023-03-04,U10,U10,S02001655,baseline,baseline,30.863584730667498,33.01315233473244,33.01315233473244,0.0,0.3181084990501404,0.32340142130851746,0.35849013924598694,target_iz_local
2023-02-25,2023-03-04,U10,U10,S02001655,main,income_deprivation,-1.1712308792840906,33.01315233473244,33.01315233473244,0.0,0.3181084990501404,0.32340142130851746,0.35849013924598694,target_iz_local
2023-02-25,2023-03-04,U10,U10,S02001655,main,employment_deprivation,0.1747665019262423,33.01315233473244,33.01315233473244,0.0,0.3181084990501404,0.32340142130851746,0.35849013924598694,target_iz_local
2023-02-25,2023-03-04,U10,U10,S02001655,main,higher_education,1.169793885094785,33.01315233473244,33.01315233473244,0.0,0.3181084990501404,0.32340142130851746,0.35849013924598694,target_iz_local
2023-02-25,2023-03-04,U10,U10,S02001655,main,overcrowding,-0.0305241652897416,33.01315233473244,33.01315233473244,0.0,0.3181084990501404,0.32340142130851746,0.35849013924598694,target_iz_local
2023-02-25,2023-03-04,U10,U10,S02001655,main,crime,-1.0772117364974294,33.01315233473244,33.01315233473244,0.0,0.3181084990501404,0.32340142130851746,0.35849013924598694,target_iz_local
2023-02-25,2023-03-04,U10,U10,S02001655,main,public_transport_time_to_gp,-0.3948559829166975,33.01315233473244,33.01315233473244,0.0,0.3181084990501404,0.32340142130851746,0.35849013924598694,target_iz_local
2023-02-25,2023-03-04,U10,U10,S02001655,location,location,1.078819807370509,33.01315233473244,33.01315233473244,0.0,0.3181084990501404,0.32340142130851746,0.35849013924598694,target_iz_local
2023-02-25,2023-03-04,U10,U10,S02001655,location_interaction,location_x_income_deprivation,0.046534974234447,33.01315233473244,33.01315233473244,0.0,0.3181084990501404,0.32340142130851746,0.35849013924598694,target_iz_local
2023-02-25,2023-03-04,U10,U10,S02001655,location_interaction,location_x_employment_deprivation,0.0944372165770726,33.01315233473244,33.01315233473244,0.0,0.3181084990501404,0.32340142130851746,0.35849013924598694,target_iz_local
2023-02-25,2023-03-04,U10,U10,S02001655,location_interaction,location_x_higher_education,-0.4400621187119333,33.01315233473244,33.01315233473244,0.0,0.3181084990501404,0.32340142130851746,0.35849013924598694,target_iz_local
2023-02-25,2023-03-04,U10,U10,S02001655,location_interaction,location_x_overcrowding,0.1674818186532859,33.01315233473244,33.01315233473244,0.0,0.3181084990501404,0.32340142130851746,0.35849013924598694,target_iz_local
2023-02-25,2023-03-04,U10,U10,S02001655,location_interaction,location_x_crime,2.013514422235039,33.01315233473244,33.01315233473244,0.0,0.3181084990501404,0.32340142130851746,0.35849013924598694,target_iz_local
2023-02-25,2023-03-04,U10,U10,S02001655,location_interaction,location_x_public_transport_time_to_gp,0.5181038606734524,33.01315233473244,33.01315233473244,0.0,0.3181084990501404,0.32340142130851746,0.35849013924598694,target_iz_local
2023-02-25,2023-03-04,U10,U10,S02001656,baseline,baseline,25.565346253857776,25.65751124714391,25.65751124714391,0.0,0.3181084990501404,0.32340142130851746,0.35849013924598694,target_iz_local
2023-02-25,2023-03-04,U10,U10,S02001656,main,income_deprivation,-0.979527373540972,25.65751124714391,25.65751124714391,0.0,0.3181084990501404,0.32340142130851746,0.35849013924598694,target_iz_local
2023-02-25,2023-03-04,U10,U10,S02001656,main,employment_deprivation,0.172437290918261,25.65751124714391,25.65751124714391,0.0,0.3181084990501404,0.32340142130851746,0.35849013924598694,target_iz_local
2023-02-25,2023-03-04,U10,U10,S02001656,main,higher_education,-1.0419908160255098,25.65751124714391,25.65751124714391,0.0,0.3181084990501404,0.32340142130851746,0.35849013924598694,target_iz_local
2023-02-25,2023-03-04,U10,U10,S02001656,main,overcrowding,0.001501787276497,25.65751124714391,25.65751124714391,0.0,0.3181084990501404,0.32340142130851746,0.35849013924598694,target_iz_local
2023-02-25,2023-03-04,U10,U10,S02001656,main,crime,0.133823701313565,25.65751124714391,25.65751124714391,0.0,0.3181084990501404,0.32340142130851746,0.35849013924598694,target_iz_local
2023-02-25,2023-03-04,U10,U10,S02001656,main,public_transport_time_to_gp,-0.645932002294632,25.65751124714391,25.65751124714391,0.0,0.3181084990501404,0.32340142130851746,0.35849013924598694,target_iz_local
2023-02-25,2023-03-04,U10,U10,S02001656,location,location,1.0326461054029965,25.65751124714391,25.65751124714391,0.0,0.3181084990501404,0.32340142130851746,0.35849013924598694,target_iz_local
2023-02-25,2023-03-04,U10,U10,S02001656,location_interaction,location_x_income_deprivation,-0.0220931995482651,25.65751124714391,25.65751124714391,0.0,0.3181084990501404,0.32340142130851746,0.35849013924598694,target_iz_local
2023-02-25,2023-03-04,U10,U10,S02001656,location_interaction,location_x_employment_deprivation,0.0438994498479913,25.65751124714391,25.65751124714391,0.0,0.3181084990501404,0.32340142130851746,0.35849013924598694,target_iz_local
2023-02-25,2023-03-04,U10,U10,S02001656,location_interaction,location_x_higher_education,0.295245322727024,25.65751124714391,25.65751124714391,0.0,0.3181084990501404,0.32340142130851746,0.35849013924598694,target_iz_local
2023-02-25,2023-03-04,U10,U10,S02001656,location_interaction,location_x_overcrowding,0.0532688311168093,25.65751124714391,25.65751124714391,0.0,0.3181084990501404,0.32340142130851746,0.35849013924598694,target_iz_local
2023-02-25,2023-03-04,U10,U10,S02001656,location_interaction,location_x_crime,-0.1083399840763657,25.65751124714391,25.65751124714391,0.0,0.3181084990501404,0.32340142130851746,0.35849013924598694,target_iz_local
2023-02-25,2023-03-04,U10,U10,S02001656,location_interaction,location_x_public_transport_time_to_gp,1.157225880168733,25.65751124714391,25.65751124714391,0.0,0.3181084990501404,0.32340142130851746,0.35849013924598694,target_iz_local
2023-02-25,2023-03-04,U10,U10,S02001657,baseline,baseline,31.530001609757143,30.449023454621035,30.449023454621035,0.0,0.3181084990501404,0.32340142130851746,0.35849013924598694,target_iz_local
2023-02-25,2023-03-04,U10,U10,S02001657,main,income_deprivation,-2.22659649707023,30.449023454621035,30.449023454621035,0.0,0.3181084990501404,0.32340142130851746,0.35849013924598694,target_iz_local
2023-02-25,2023-03-04,U10,U10,S02001657,main,employment_deprivation,0.5120407595520965,30.449023454621035,30.449023454621035,0.0,0.3181084990501404,0.32340142130851746,0.35849013924598694,target_iz_local
2023-02-25,2023-03-04,U10,U10,S02001657,main,higher_education,-0.4933775688920699,30.449023454621035,30.449023454621035,0.0,0.3181084990501404,0.32340142130851746,0.35849013924598694,target_iz_local
2023-02-25,2023-03-04,U10,U10,S02001657,main,overcrowding,-0.0224773849759755,30.449023454621035,30.449023454621035,0.0,0.3181084990501404,0.32340142130851746,0.35849013924598694,target_iz_local
2023-02-25,2023-03-04,U10,U10,S02001657,main,crime,0.7830713246549933,30.449023454621035,30.449023454621035,0.0,0.3181084990501404,0.32340142130851746,0.35849013924598694,target_iz_local
2023-02-25,2023-03-04,U10,U10,S02001657,main,public_transport_time_to_gp,-1.3425705100808882,30.449023454621035,30.449023454621035,0.0,0.3181084990501404,0.32340142130851746,0.35849013924598694,target_iz_local
2023-02-25,2023-03-04,U10,U10,S02001657,location,location,1.6801110635201202,30.449023454621035,30.449023454621035,0.0,0.3181084990501404,0.32340142130851746,0.35849013924598694,target_iz_local
2023-02-25,2023-03-04,U10,U10,S02001657,location_interaction,location_x_income_deprivation,0.0583733355715232,30.449023454621035,30.449023454621035,0.0,0.3181084990501404,0.32340142130851746,0.35849013924598694,target_iz_local
2023-02-25,2023-03-04,U10,U10,S02001657,location_interaction,location_x_employment_deprivation,0.209116314422512,30.449023454621035,30.449023454621035,0.0,0.3181084990501404,0.32340142130851746,0.35849013924598694,target_iz_local
2023-02-25,2023-03-04,U10,U10,S02001657,location_interaction,location_x_higher_education,0.1688634391341878,30.449023454621035,30.449023454621035,0.0,0.3181084990501404,0.32340142130851746,0.35849013924598694,target_iz_local
2023-02-25,2023-03-04,U10,U10,S02001657,location_interaction,location_x_overcrowding,0.054562687448089,30.449023454621035,30.449023454621035,0.0,0.3181084990501404,0.32340142130851746,0.35849013924598694,target_iz_local
2023-02-25,2023-03-04,U10,U10,S02001657,location_interaction,location_x_crime,-0.8791142855371815,30.449023454621035,30.449023454621035,0.0,0.3181084990501404,0.32340142130851746,0.35849013924598694,target_iz_local
2023-02-25,2023-03-04,U10,U10,S02001657,location_interaction,location_x_public_transport_time_to_gp,0.4170191671167149,30.449023454621035,30.449023454621035,0.0,0.3181084990501404,0.32340142130851746,0.35849013924598694,target_iz_local
2023-02-25,2023-03-04,U10,U10,S02001658,baseline,baseline,22.507066627627427,19.66799153912645,19.66799153912645,0.0,0.3181084990501404,0.32340142130851746,0.35849013924598694,target_iz_local
2023-02-25,2023-03-04,U10,U10,S02001658,main,income_deprivation,-0.8420668014458267,19.66799153912645,19.66799153912645,0.0,0.3181084990501404,0.32340142130851746,0.35849013924598694,target_iz_local
2023-02-25,2023-03-04,U10,U10,S02001658,main,employment_deprivation,0.1151730687845353,19.66799153912645,19.66799153912645,0.0,0.3181084990501404,0.32340142130851746,0.35849013924598694,target_iz_local
2023-02-25,2023-03-04,U10,U10,S02001658,main,higher_education,-3.534520237502609,19.66799153912645,19.66799153912645,0.0,0.3181084990501404,0.32340142130851746,0.35849013924598694,target_iz_local
2023-02-25,2023-03-04,U10,U10,S02001658,main,overcrowding,0.1832663885184732,19.66799153912645,19.66799153912645,0.0,0.3181084990501404,0.32340142130851746,0.35849013924598694,target_iz_local
2023-02-25,2023-03-04,U10,U10,S02001658,main,crime,0.6135348649252076,19.66799153912645,19.66799153912645,0.0,0.3181084990501404,0.32340142130851746,0.35849013924598694,target_iz_local
2023-02-25,2023-03-04,U10,U10,S02001658,main,public_transport_time_to_gp,-0.3889387178988689,19.66799153912645,19.66799153912645,0.0,0.3181084990501404,0.32340142130851746,0.35849013924598694,target_iz_local
2023-02-25,2023-03-04,U10,U10,S02001658,location,location,1.4203671682448666,19.66799153912645,19.66799153912645,0.0,0.3181084990501404,0.32340142130851746,0.35849013924598694,target_iz_local
2023-02-25,2023-03-04,U10,U10,S02001658,location_interaction,location_x_income_deprivation,-0.0585829380012682,19.66799153912645,19.66799153912645,0.0,0.3181084990501404,0.32340142130851746,0.35849013924598694,target_iz_local
2023-02-25,2023-03-04,U10,U10,S02001658,location_interaction,location_x_employment_deprivation,0.0046603259586105,19.66799153912645,19.66799153912645,0.0,0.3181084990501404,0.32340142130851746,0.35849013924598694,target_iz_local
2023-02-25,2023-03-04,U10,U10,S02001658,location_interaction,location_x_higher_education,0.2304810839040057,19.66799153912645,19.66799153912645,0.0,0.3181084990501404,0.32340142130851746,0.35849013924598694,target_iz_local
2023-02-25,2023-03-04,U10,U10,S02001658,location_interaction,location_x_overcrowding,-0.100359859353024,19.66799153912645,19.66799153912645,0.0,0.3181084990501404,0.32340142130851746,0.35849013924598694,target_iz_local
2023-02-25,2023-03-04,U10,U10,S02001658,location_interaction,location_x_crime,-0.611608851239801,19.66799153912645,19.66799153912645,0.0,0.3181084990501404,0.32340142130851746,0.35849013924598694,target_iz_local
2023-02-25,2023-03-04,U10,U10,S02001658,location_interaction,location_x_public_transport_time_to_gp,0.1295194166047221,19.66799153912645,19.66799153912645,0.0,0.3181084990501404,0.32340142130851746,0.35849013924598694,target_iz_local
2023-02-25,2023-03-04,U10,U10,S02001659,baseline,baseline,26.92156933057255,28.209338886618085,28.209338886618085,3.552713678800501e-15,0.3181084990501404,0.32340142130851746,0.35849013924598694,target_iz_local
2023-02-25,2023-03-04,U10,U10,S02001659,main,income_deprivation,-2.018625866515306,28.209338886618085,28.209338886618085,3.552713678800501e-15,0.3181084990501404,0.32340142130851746,0.35849013924598694,target_iz_local
2023-02-25,2023-03-04,U10,U10,S02001659,main,employment_deprivation,0.3599633394252711,28.209338886618085,28.209338886618085,3.552713678800501e-15,0.3181084990501404,0.32340142130851746,0.35849013924598694,target_iz_local
2023-02-25,2023-03-04,U10,U10,S02001659,main,higher_education,-1.7681859047640005,28.209338886618085,28.209338886618085,3.552713678800501e-15,0.3181084990501404,0.32340142130851746,0.35849013924598694,target_iz_local
2023-02-25,2023-03-04,U10,U10,S02001659,main,overcrowding,1.105657432334769,28.209338886618085,28.209338886618085,3.552713678800501e-15,0.3181084990501404,0.32340142130851746,0.35849013924598694,target_iz_local
2023-02-25,2023-03-04,U10,U10,S02001659,main,crime,0.8158390848409605,28.209338886618085,28.209338886618085,3.552713678800501e-15,0.3181084990501404,0.32340142130851746,0.35849013924598694,target_iz_local
2023-02-25,2023-03-04,U10,U10,S02001659,main,public_transport_time_to_gp,1.1479201375019028,28.209338886618085,28.209338886618085,3.552713678800501e-15,0.3181084990501404,0.32340142130851746,0.35849013924598694,target_iz_local
2023-02-25,2023-03-04,U10,U10,S02001659,location,location,0.8321063053040303,28.209338886618085,28.209338886618085,3.552713678800501e-15,0.3181084990501404,0.32340142130851746,0.35849013924598694,target_iz_local
2023-02-25,2023-03-04,U10,U10,S02001659,location_interaction,location_x_income_deprivation,0.8110306464490542,28.209338886618085,28.209338886618085,3.552713678800501e-15,0.3181084990501404,0.32340142130851746,0.35849013924598694,target_iz_local
2023-02-25,2023-03-04,U10,U10,S02001659,location_interaction,location_x_employment_deprivation,-0.0143482195479564,28.209338886618085,28.209338886618085,3.552713678800501e-15,0.3181084990501404,0.32340142130851746,0.35849013924598694,target_iz_local
2023-02-25,2023-03-04,U10,U10,S02001659,location_interaction,location_x_higher_education,0.5606821261701188,28.209338886618085,28.209338886618085,3.552713678800501e-15,0.3181084990501404,0.32340142130851746,0.35849013924598694,target_iz_local
2023-02-25,2023-03-04,U10,U10,S02001659,location_interaction,location_x_overcrowding,-0.2450091468436431,28.209338886618085,28.209338886618085,3.552713678800501e-15,0.3181084990501404,0.32340142130851746,0.35849013924598694,target_iz_local
2023-02-25,2023-03-04,U10,U10,S02001659,location_interaction,location_x_crime,-0.2073980388187271,28.209338886618085,28.209338886618085,3.552713678800501e-15,0.3181084990501404,0.32340142130851746,0.35849013924598694,target_iz_local
2023-02-25,2023-03-04,U10,U10,S02001659,location_interaction,location_x_public_transport_time_to_gp,-0.0918623394909413,28.209338886618085,28.209338886618085,3.552713678800501e-15,0.3181084990501404,0.32340142130851746,0.35849013924598694,target_iz_local
2023-02-25,2023-03-04,U10,U10,S02001660,baseline,baseline,24.043932947330045,19.99744275491671,19.99744275491671,3.552713678800501e-15,0.3181084990501404,0.32340142130851746,0.35849013924598694,target_iz_local
2023-02-25,2023-03-04,U10,U10,S02001660,main,income_deprivation,-1.6225322859627938,19.99744275491671,19.99744275491671,3.552713678800501e-15,0.3181084990501404,0.32340142130851746,0.35849013924598694,target_iz_local
2023-02-25,2023-03-04,U10,U10,S02001660,main,employment_deprivation,0.2821709814525838,19.99744275491671,19.99744275491671,3.552713678800501e-15,0.3181084990501404,0.32340142130851746,0.35849013924598694,target_iz_local
2023-02-25,2023-03-04,U10,U10,S02001660,main,higher_education,-1.106989683423727,19.99744275491671,19.99744275491671,3.552713678800501e-15,0.3181084990501404,0.32340142130851746,0.35849013924598694,target_iz_local
2023-02-25,2023-03-04,U10,U10,S02001660,main,overcrowding,0.3432036422547886,19.99744275491671,19.99744275491671,3.552713678800501e-15,0.3181084990501404,0.32340142130851746,0.35849013924598694,target_iz_local
2023-02-25,2023-03-04,U10,U10,S02001660,main,crime,-1.137646275474914,19.99744275491671,19.99744275491671,3.552713678800501e-15,0.3181084990501404,0.32340142130851746,0.35849013924598694,target_iz_local
2023-02-25,2023-03-04,U10,U10,S02001660,main,public_transport_time_to_gp,-0.5587631361825122,19.99744275491671,19.99744275491671,3.552713678800501e-15,0.3181084990501404,0.32340142130851746,0.35849013924598694,target_iz_local
2023-02-25,2023-03-04,U10,U10,S02001660,location,location,1.1940097127642,19.99744275491671,19.99744275491671,3.552713678800501e-15,0.3181084990501404,0.32340142130851746,0.35849013924598694,target_iz_local
2023-02-25,2023-03-04,U10,U10,S02001660,location_interaction,location_x_income_deprivation,-0.3357502210707819,19.99744275491671,19.99744275491671,3.552713678800501e-15,0.3181084990501404,0.32340142130851746,0.35849013924598694,target_iz_local
2023-02-25,2023-03-04,U10,U10,S02001660,location_interaction,location_x_employment_deprivation,-0.0109706787836038,19.99744275491671,19.99744275491671,3.552713678800501e-15,0.3181084990501404,0.32340142130851746,0.35849013924598694,target_iz_local
2023-02-25,2023-03-04,U10,U10,S02001660,location_interaction,location_x_higher_education,-0.129337110973536,19.99744275491671,19.99744275491671,3.552713678800501e-15,0.3181084990501404,0.32340142130851746,0.35849013924598694,target_iz_local
2023-02-25,2023-03-04,U10,U10,S02001660,location_interaction,location_x_overcrowding,-0.6918197382064147,19.99744275491671,19.99744275491671,3.552713678800501e-15,0.3181084990501404,0.32340142130851746,0.35849013924598694,target_iz_local
2023-02-25,2023-03-04,U10,U10,S02001660,location_interaction,location_x_crime,-0.1541131246657592,19.99744275491671,19.99744275491671,3.552713678800501e-15,0.3181084990501404,0.32340142130851746,0.35849013924598694,target_iz_local
2023-02-25,2023-03-04,U10,U10,S02001660,location_interaction,location_x_public_transport_time_to_gp,-0.1179522741408597,19.99744275491671,19.99744275491671,3.552713678800501e-15,0.3181084990501404,0.32340142130851746,0.35849013924598694,target_iz_local
2023-02-25,2023-03-04,U10,U10,S02001661,baseline,baseline,25.55705844828991,23.57802622983364,23.57802622983364,3.552713678800501e-15,0.3181084990501404,0.32340142130851746,0.35849013924598694,target_iz_local
2023-02-25,2023-03-04,U10,U10,S02001661,main,income_deprivation,-0.3554326801072983,23.57802622983364,23.57802622983364,3.552713678800501e-15,0.3181084990501404,0.32340142130851746,0.35849013924598694,target_iz_local
2023-02-25,2023-03-04,U10,U10,S02001661,main,employment_deprivation,-4.6099083763118525e-05,23.57802622983364,23.57802622983364,3.552713678800501e-15,0.3181084990501404,0.32340142130851746,0.35849013924598694,target_iz_local
2023-02-25,2023-03-04,U10,U10,S02001661,main,higher_education,-0.7105960357756864,23.57802622983364,23.57802622983364,3.552713678800501e-15,0.3181084990501404,0.32340142130851746,0.35849013924598694,target_iz_local
2023-02-25,2023-03-04,U10,U10,S02001661,main,overcrowding,0.779282038552425,23.57802622983364,23.57802622983364,3.552713678800501e-15,0.3181084990501404,0.32340142130851746,0.35849013924598694,target_iz_local
2023-02-25,2023-03-04,U10,U10,S02001661,main,crime,-0.0567782132398504,23.57802622983364,23.57802622983364,3.552713678800501e-15,0.3181084990501404,0.32340142130851746,0.35849013924598694,target_iz_local
2023-02-25,2023-03-04,U10,U10,S02001661,main,public_transport_time_to_gp,-1.697439321733662,23.57802622983364,23.57802622983364,3.552713678800501e-15,0.3181084990501404,0.32340142130851746,0.35849013924598694,target_iz_local
2023-02-25,2023-03-04,U10,U10,S02001661,location,location,-0.1049207568168654,23.57802622983364,23.57802622983364,3.552713678800501e-15,0.3181084990501404,0.32340142130851746,0.35849013924598694,target_iz_local
2023-02-25,2023-03-04,U10,U10,S02001661,location_interaction,location_x_income_deprivation,-0.032347721996761,23.57802622983364,23.57802622983364,3.552713678800501e-15,0.3181084990501404,0.32340142130851746,0.35849013924598694,target_iz_local
2023-02-25,2023-03-04,U10,U10,S02001661,location_interaction,location_x_employment_deprivation,-0.0003138593264998,23.57802622983364,23.57802622983364,3.552713678800501e-15,0.3181084990501404,0.32340142130851746,0.35849013924598694,target_iz_local
2023-02-25,2023-03-04,U10,U10,S02001661,location_interaction,location_x_higher_education,-0.1179188401926105,23.57802622983364,23.57802622983364,3.552713678800501e-15,0.3181084990501404,0.32340142130851746,0.35849013924598694,target_iz_local
2023-02-25,2023-03-04,U10,U10,S02001661,location_interaction,location_x_overcrowding,0.5389055995714063,23.57802622983364,23.57802622983364,3.552713678800501e-15,0.3181084990501404,0.32340142130851746,0.35849013924598694,target_iz_local
2023-02-25,2023-03-04,U10,U10,S02001661,location_interaction,location_x_crime,-0.0521053325562256,23.57802622983364,23.57802622983364,3.552713678800501e-15,0.3181084990501404,0.32340142130851746,0.35849013924598694,target_iz_local
2023-02-25,2023-03-04,U10,U10,S02001661,location_interaction,location_x_public_transport_time_to_gp,-0.1693209957508763,23.57802622983364,23.57802622983364,3.552713678800501e-15,0.3181084990501404,0.32340142130851746,0.35849013924598694,target_iz_local
2023-02-25,2023-03-04,U10,U10,S02001662,baseline,baseline,26.036883396449213,23.201824647727133,23.201824647727133,3.552713678800501e-15,0.3181084990501404,0.32340142130851746,0.35849013924598694,target_iz_local
2023-02-25,2023-03-04,U10,U10,S02001662,main,income_deprivation,-1.6235602630036263,23.201824647727133,23.201824647727133,3.552713678800501e-15,0.3181084990501404,0.32340142130851746,0.35849013924598694,target_iz_local
2023-02-25,2023-03-04,U10,U10,S02001662,main,employment_deprivation,-0.2755647721744712,23.201824647727133,23.201824647727133,3.552713678800501e-15,0.3181084990501404,0.32340142130851746,0.35849013924598694,target_iz_local
2023-02-25,2023-03-04,U10,U10,S02001662,main,higher_education,-2.436766509498873,23.201824647727133,23.201824647727133,3.552713678800501e-15,0.3181084990501404,0.32340142130851746,0.35849013924598694,target_iz_local
2023-02-25,2023-03-04,U10,U10,S02001662,main,overcrowding,0.7355332133315888,23.201824647727133,23.201824647727133,3.552713678800501e-15,0.3181084990501404,0.32340142130851746,0.35849013924598694,target_iz_local
2023-02-25,2023-03-04,U10,U10,S02001662,main,crime,0.0738910294714442,23.201824647727133,23.201824647727133,3.552713678800501e-15,0.3181084990501404,0.32340142130851746,0.35849013924598694,target_iz_local
2023-02-25,2023-03-04,U10,U10,S02001662,main,public_transport_time_to_gp,0.2028486854973318,23.201824647727133,23.201824647727133,3.552713678800501e-15,0.3181084990501404,0.32340142130851746,0.35849013924598694,target_iz_local
2023-02-25,2023-03-04,U10,U10,S02001662,location,location,0.4011800013837369,23.201824647727133,23.201824647727133,3.552713678800501e-15,0.3181084990501404,0.32340142130851746,0.35849013924598694,target_iz_local
2023-02-25,2023-03-04,U10,U10,S02001662,location_interaction,location_x_income_deprivation,0.9499085213456884,23.201824647727133,23.201824647727133,3.552713678800501e-15,0.3181084990501404,0.32340142130851746,0.35849013924598694,target_iz_local
2023-02-25,2023-03-04,U10,U10,S02001662,location_interaction,location_x_employment_deprivation,-0.2788957133179625,23.201824647727133,23.201824647727133,3.552713678800501e-15,0.3181084990501404,0.32340142130851746,0.35849013924598694,target_iz_local
2023-02-25,2023-03-04,U10,U10,S02001662,location_interaction,location_x_higher_education,-0.8832649741853952,23.201824647727133,23.201824647727133,3.552713678800501e-15,0.3181084990501404,0.32340142130851746,0.35849013924598694,target_iz_local
2023-02-25,2023-03-04,U10,U10,S02001662,location_interaction,location_x_overcrowding,0.5499269093785941,23.201824647727133,23.201824647727133,3.552713678800501e-15,0.3181084990501404,0.32340142130851746,0.35849013924598694,target_iz_local
2023-02-25,2023-03-04,U10,U10,S02001662,location_interaction,location_x_crime,-0.1444702013617488,23.201824647727133,23.201824647727133,3.552713678800501e-15,0.3181084990501404,0.32340142130851746,0.35849013924598694,target_iz_local
2023-02-25,2023-03-04,U10,U10,S02001662,location_interaction,location_x_public_transport_time_to_gp,-0.1058246755883839,23.201824647727133,23.201824647727133,3.552713678800501e-15,0.3181084990501404,0.32340142130851746,0.35849013924598694,target_iz_local
2023-02-25,2023-03-04,U10,U10,S02001663,baseline,baseline,31.371483285453166,29.42439695122465,29.42439695122465,0.0,0.3181084990501404,0.32340142130851746,0.35849013924598694,target_iz_local
2023-02-25,2023-03-04,U10,U10,S02001663,main,income_deprivation,-1.5540026256016393,29.42439695122465,29.42439695122465,0.0,0.3181084990501404,0.32340142130851746,0.35849013924598694,target_iz_local
2023-02-25,2023-03-04,U10,U10,S02001663,main,employment_deprivation,-0.4657881328037807,29.42439695122465,29.42439695122465,0.0,0.3181084990501404,0.32340142130851746,0.35849013924598694,target_iz_local
2023-02-25,2023-03-04,U10,U10,S02001663,main,higher_education,-3.956028865632571,29.42439695122465,29.42439695122465,0.0,0.3181084990501404,0.32340142130851746,0.35849013924598694,target_iz_local
2023-02-25,2023-03-04,U10,U10,S02001663,main,overcrowding,0.3501391183762369,29.42439695122465,29.42439695122465,0.0,0.3181084990501404,0.32340142130851746,0.35849013924598694,target_iz_local
2023-02-25,2023-03-04,U10,U10,S02001663,main,crime,0.0074133010137684,29.42439695122465,29.42439695122465,0.0,0.3181084990501404,0.32340142130851746,0.35849013924598694,target_iz_local
2023-02-25,2023-03-04,U10,U10,S02001663,main,public_transport_time_to_gp,1.8088119597662164,29.42439695122465,29.42439695122465,0.0,0.3181084990501404,0.32340142130851746,0.35849013924598694,target_iz_local
2023-02-25,2023-03-04,U10,U10,S02001663,location,location,0.1129152025495265,29.42439695122465,29.42439695122465,0.0,0.3181084990501404,0.32340142130851746,0.35849013924598694,target_iz_local
2023-02-25,2023-03-04,U10,U10,S02001663,location_interaction,location_x_income_deprivation,0.4643201464698492,29.42439695122465,29.42439695122465,0.0,0.3181084990501404,0.32340142130851746,0.35849013924598694,target_iz_local
2023-02-25,2023-03-04,U10,U10,S02001663,location_interaction,location_x_employment_deprivation,0.2273893628801608,29.42439695122465,29.42439695122465,0.0,0.3181084990501404,0.32340142130851746,0.35849013924598694,target_iz_local
2023-02-25,2023-03-04,U10,U10,S02001663,location_interaction,location_x_higher_education,0.2564298266456375,29.42439695122465,29.42439695122465,0.0,0.3181084990501404,0.32340142130851746,0.35849013924598694,target_iz_local
2023-02-25,2023-03-04,U10,U10,S02001663,location_interaction,location_x_overcrowding,0.7972706749325663,29.42439695122465,29.42439695122465,0.0,0.3181084990501404,0.32340142130851746,0.35849013924598694,target_iz_local
2023-02-25,2023-03-04,U10,U10,S02001663,location_interaction,location_x_crime,0.027982039678661,29.42439695122465,29.42439695122465,0.0,0.3181084990501404,0.32340142130851746,0.35849013924598694,target_iz_local
2023-02-25,2023-03-04,U10,U10,S02001663,location_interaction,location_x_public_transport_time_to_gp,-0.0239383425031488,29.42439695122465,29.42439695122465,0.0,0.3181084990501404,0.32340142130851746,0.35849013924598694,target_iz_local
2023-02-25,2023-03-04,U10,U10,S02001664,baseline,baseline,25.23960860610108,22.750452836752935,22.750452836752935,3.552713678800501e-15,0.3181084990501404,0.32340142130851746,0.35849013924598694,target_iz_local
2023-02-25,2023-03-04,U10,U10,S02001664,main,income_deprivation,-1.4812829449063296,22.750452836752935,22.750452836752935,3.552713678800501e-15,0.3181084990501404,0.32340142130851746,0.35849013924598694,target_iz_local
2023-02-25,2023-03-04,U10,U10,S02001664,main,employment_deprivation,-0.4210756415412537,22.750452836752935,22.750452836752935,3.552713678800501e-15,0.3181084990501404,0.32340142130851746,0.35849013924598694,target_iz_local
2023-02-25,2023-03-04,U10,U10,S02001664,main,higher_education,-1.3388534341539684,22.750452836752935,22.750452836752935,3.552713678800501e-15,0.3181084990501404,0.32340142130851746,0.35849013924598694,target_iz_local
2023-02-25,2023-03-04,U10,U10,S02001664,main,overcrowding,-0.1906518254961267,22.750452836752935,22.750452836752935,3.552713678800501e-15,0.3181084990501404,0.32340142130851746,0.35849013924598694,target_iz_local
2023-02-25,2023-03-04,U10,U10,S02001664,main,crime,-0.0441681975410081,22.750452836752935,22.750452836752935,3.552713678800501e-15,0.3181084990501404,0.32340142130851746,0.35849013924598694,target_iz_local
2023-02-25,2023-03-04,U10,U10,S02001664,main,public_transport_time_to_gp,-0.93517121814546,22.750452836752935,22.750452836752935,3.552713678800501e-15,0.3181084990501404,0.32340142130851746,0.35849013924598694,target_iz_local
2023-02-25,2023-03-04,U10,U10,S02001664,location,location,0.6907591342926054,22.750452836752935,22.750452836752935,3.552713678800501e-15,0.3181084990501404,0.32340142130851746,0.35849013924598694,target_iz_local
2023-02-25,2023-03-04,U10,U10,S02001664,location_interaction,location_x_income_deprivation,0.5199706350054102,22.750452836752935,22.750452836752935,3.552713678800501e-15,0.3181084990501404,0.32340142130851746,0.35849013924598694,target_iz_local
2023-02-25,2023-03-04,U10,U10,S02001664,location_interaction,location_x_employment_deprivation,-0.0930520262037012,22.750452836752935,22.750452836752935,3.552713678800501e-15,0.3181084990501404,0.32340142130851746,0.35849013924598694,target_iz_local
2023-02-25,2023-03-04,U10,U10,S02001664,location_interaction,location_x_higher_education,-0.7153126762026806,22.750452836752935,22.750452836752935,3.552713678800501e-15,0.3181084990501404,0.32340142130851746,0.35849013924598694,target_iz_local
2023-02-25,2023-03-04,U10,U10,S02001664,location_interaction,location_x_overcrowding,0.9262535367693197,22.750452836752935,22.750452836752935,3.552713678800501e-15,0.3181084990501404,0.32340142130851746,0.35849013924598694,target_iz_local
2023-02-25,2023-03-04,U10,U10,S02001664,location_interaction,location_x_crime,-0.0580835069928876,22.750452836752935,22.750452836752935,3.552713678800501e-15,0.3181084990501404,0.32340142130851746,0.35849013924598694,target_iz_local
2023-02-25,2023-03-04,U10,U10,S02001664,location_interaction,location_x_public_transport_time_to_gp,0.6515123957679372,22.750452836752935,22.750452836752935,3.552713678800501e-15,0.3181084990501404,0.32340142130851746,0.35849013924598694,target_iz_local
2023-02-25,2023-03-04,U10,U10,S02001665,baseline,baseline,33.222753316121114,38.00158098335745,38.00158098335745,7.105427357601002e-15,0.3181084990501404,0.32340142130851746,0.35849013924598694,target_iz_local
2023-02-25,2023-03-04,U10,U10,S02001665,main,income_deprivation,4.758095800308972,38.00158098335745,38.00158098335745,7.105427357601002e-15,0.3181084990501404,0.32340142130851746,0.35849013924598694,target_iz_local
2023-02-25,2023-03-04,U10,U10,S02001665,main,employment_deprivation,0.0615942909603998,38.00158098335745,38.00158098335745,7.105427357601002e-15,0.3181084990501404,0.32340142130851746,0.35849013924598694,target_iz_local
2023-02-25,2023-03-04,U10,U10,S02001665,main,higher_education,0.8614297821408238,38.00158098335745,38.00158098335745,7.105427357601002e-15,0.3181084990501404,0.32340142130851746,0.35849013924598694,target_iz_local
2023-02-25,2023-03-04,U10,U10,S02001665,main,overcrowding,-0.0292920475914389,38.00158098335745,38.00158098335745,7.105427357601002e-15,0.3181084990501404,0.32340142130851746,0.35849013924598694,target_iz_local
2023-02-25,2023-03-04,U10,U10,S02001665,main,crime,0.4365359260922338,38.00158098335745,38.00158098335745,7.105427357601002e-15,0.3181084990501404,0.32340142130851746,0.35849013924598694,target_iz_local
2023-02-25,2023-03-04,U10,U10,S02001665,main,public_transport_time_to_gp,0.6057795479184064,38.00158098335745,38.00158098335745,7.105427357601002e-15,0.3181084990501404,0.32340142130851746,0.35849013924598694,target_iz_local
2023-02-25,2023-03-04,U10,U10,S02001665,location,location,0.1745006697518486,38.00158098335745,38.00158098335745,7.105427357601002e-15,0.3181084990501404,0.32340142130851746,0.35849013924598694,target_iz_local
2023-02-25,2023-03-04,U10,U10,S02001665,location_interaction,location_x_income_deprivation,-2.427431883130773,38.00158098335745,38.00158098335745,7.105427357601002e-15,0.3181084990501404,0.32340142130851746,0.35849013924598694,target_iz_local
2023-02-25,2023-03-04,U10,U10,S02001665,location_interaction,location_x_employment_deprivation,-0.3858774321419827,38.00158098335745,38.00158098335745,7.105427357601002e-15,0.3181084990501404,0.32340142130851746,0.35849013924598694,target_iz_local
2023-02-25,2023-03-04,U10,U10,S02001665,location_interaction,location_x_higher_education,0.0644652230398976,38.00158098335745,38.00158098335745,7.105427357601002e-15,0.3181084990501404,0.32340142130851746,0.35849013924598694,target_iz_local
2023-02-25,2023-03-04,U10,U10,S02001665,location_interaction,location_x_overcrowding,0.0660435858226981,38.00158098335745,38.00158098335745,7.105427357601002e-15,0.3181084990501404,0.32340142130851746,0.35849013924598694,target_iz_local
2023-02-25,2023-03-04,U10,U10,S02001665,location_interaction,location_x_crime,0.630422769274037,38.00158098335745,38.00158098335745,7.105427357601002e-15,0.3181084990501404,0.32340142130851746,0.35849013924598694,target_iz_local
2023-02-25,2023-03-04,U10,U10,S02001665,location_interaction,location_x_public_transport_time_to_gp,-0.0374385652087941,38.00158098335745,38.00158098335745,7.105427357601002e-15,0.3181084990501404,0.32340142130851746,0.35849013924598694,target_iz_local
2023-02-25,2023-03-04,U10,U10,S02001666,baseline,baseline,42.771834182951146,45.14691619894237,45.14691619894237,7.105427357601002e-15,0.3181084990501404,0.32340142130851746,0.35849013924598694,target_iz_local
2023-02-25,2023-03-04,U10,U10,S02001666,main,income_deprivation,4.323653321039126,45.14691619894237,45.14691619894237,7.105427357601002e-15,0.3181084990501404,0.32340142130851746,0.35849013924598694,target_iz_local
2023-02-25,2023-03-04,U10,U10,S02001666,main,employment_deprivation,-1.930654553004684,45.14691619894237,45.14691619894237,7.105427357601002e-15,0.3181084990501404,0.32340142130851746,0.35849013924598694,target_iz_local
2023-02-25,2023-03-04,U10,U10,S02001666,main,higher_education,0.4806883221580841,45.14691619894237,45.14691619894237,7.105427357601002e-15,0.3181084990501404,0.32340142130851746,0.35849013924598694,target_iz_local
2023-02-25,2023-03-04,U10,U10,S02001666,main,overcrowding,1.0312068666730625,45.14691619894237,45.14691619894237,7.105427357601002e-15,0.3181084990501404,0.32340142130851746,0.35849013924598694,target_iz_local
2023-02-25,2023-03-04,U10,U10,S02001666,main,crime,1.8995616640363475,45.14691619894237,45.14691619894237,7.105427357601002e-15,0.3181084990501404,0.32340142130851746,0.35849013924598694,target_iz_local
2023-02-25,2023-03-04,U10,U10,S02001666,main,public_transport_time_to_gp,-0.5068655922299403,45.14691619894237,45.14691619894237,7.105427357601002e-15,0.3181084990501404,0.32340142130851746,0.35849013924598694,target_iz_local
2023-02-25,2023-03-04,U10,U10,S02001666,location,location,1.062299065362841,45.14691619894237,45.14691619894237,7.105427357601002e-15,0.3181084990501404,0.32340142130851746,0.35849013924598694,target_iz_local
2023-02-25,2023-03-04,U10,U10,S02001666,location_interaction,location_x_income_deprivation,-3.12351977030438,45.14691619894237,45.14691619894237,7.105427357601002e-15,0.3181084990501404,0.32340142130851746,0.35849013924598694,target_iz_local
2023-02-25,2023-03-04,U10,U10,S02001666,location_interaction,location_x_employment_deprivation,-0.3576848983764558,45.14691619894237,45.14691619894237,7.105427357601002e-15,0.3181084990501404,0.32340142130851746,0.35849013924598694,target_iz_local
2023-02-25,2023-03-04,U10,U10,S02001666,location_interaction,location_x_higher_education,0.3648473739624047,45.14691619894237,45.14691619894237,7.105427357601002e-15,0.3181084990501404,0.32340142130851746,0.35849013924598694,target_iz_local
2023-02-25,2023-03-04,U10,U10,S02001666,location_interaction,location_x_overcrowding,-1.2010795593261732,45.14691619894237,45.14691619894237,7.105427357601002e-15,0.3181084990501404,0.32340142130851746,0.35849013924598694,target_iz_local
2023-02-25,2023-03-04,U10,U10,S02001666,location_interaction,location_x_crime,0.4306259791056276,45.14691619894237,45.14691619894237,7.105427357601002e-15,0.3181084990501404,0.32340142130851746,0.35849013924598694,target_iz_local
2023-02-25,2023-03-04,U10,U10,S02001666,location_interaction,location_x_public_transport_time_to_gp,-0.0979962031046491,45.14691619894237,45.14691619894237,7.105427357601002e-15,0.3181084990501404,0.32340142130851746,0.35849013924598694,target_iz_local
2023-02-25,2023-03-04,U10,U10,S02001667,baseline,baseline,34.392839115532134,36.405141514213774,36.405141514213774,0.0,0.3181084990501404,0.32340142130851746,0.35849013924598694,target_iz_local
2023-02-25,2023-03-04,U10,U10,S02001667,main,income_deprivation,0.2421293440319264,36.405141514213774,36.405141514213774,0.0,0.3181084990501404,0.32340142130851746,0.35849013924598694,target_iz_local
2023-02-25,2023-03-04,U10,U10,S02001667,main,employment_deprivation,0.0333146594819561,36.405141514213774,36.405141514213774,0.0,0.3181084990501404,0.32340142130851746,0.35849013924598694,target_iz_local
2023-02-25,2023-03-04,U10,U10,S02001667,main,higher_education,-0.2878883180164184,36.405141514213774,36.405141514213774,0.0,0.3181084990501404,0.32340142130851746,0.35849013924598694,target_iz_local
2023-02-25,2023-03-04,U10,U10,S02001667,main,overcrowding,0.0672742389497296,36.405141514213774,36.405141514213774,0.0,0.3181084990501404,0.32340142130851746,0.35849013924598694,target_iz_local
2023-02-25,2023-03-04,U10,U10,S02001667,main,crime,0.0063776833670455,36.405141514213774,36.405141514213774,0.0,0.3181084990501404,0.32340142130851746,0.35849013924598694,target_iz_local
2023-02-25,2023-03-04,U10,U10,S02001667,main,public_transport_time_to_gp,1.2847625278291306,36.405141514213774,36.405141514213774,0.0,0.3181084990501404,0.32340142130851746,0.35849013924598694,target_iz_local
2023-02-25,2023-03-04,U10,U10,S02001667,location,location,1.072666495186946,36.405141514213774,36.405141514213774,0.0,0.3181084990501404,0.32340142130851746,0.35849013924598694,target_iz_local
2023-02-25,2023-03-04,U10,U10,S02001667,location_interaction,location_x_income_deprivation,-0.1912236622401683,36.405141514213774,36.405141514213774,0.0,0.3181084990501404,0.32340142130851746,0.35849013924598694,target_iz_local
2023-02-25,2023-03-04,U10,U10,S02001667,location_interaction,location_x_employment_deprivation,-0.0313871474493124,36.405141514213774,36.405141514213774,0.0,0.3181084990501404,0.32340142130851746,0.35849013924598694,target_iz_local
2023-02-25,2023-03-04,U10,U10,S02001667,location_interaction,location_x_higher_education,0.2046108790806382,36.405141514213774,36.405141514213774,0.0,0.3181084990501404,0.32340142130851746,0.35849013924598694,target_iz_local
2023-02-25,2023-03-04,U10,U10,S02001667,location_interaction,location_x_overcrowding,0.0737497238885788,36.405141514213774,36.405141514213774,0.0,0.3181084990501404,0.32340142130851746,0.35849013924598694,target_iz_local
2023-02-25,2023-03-04,U10,U10,S02001667,location_interaction,location_x_crime,-0.14839007967994,36.405141514213774,36.405141514213774,0.0,0.3181084990501404,0.32340142130851746,0.35849013924598694,target_iz_local
2023-02-25,2023-03-04,U10,U10,S02001667,location_interaction,location_x_public_transport_time_to_gp,-0.3136939457484717,36.405141514213774,36.405141514213774,0.0,0.3181084990501404,0.32340142130851746,0.35849013924598694,target_iz_local
2023-02-25,2023-03-04,U10,U10,S02001668,baseline,baseline,42.79956674432132,49.43049955224368,49.43049955224368,0.0,0.3181084990501404,0.32340142130851746,0.35849013924598694,target_iz_local
2023-02-25,2023-03-04,U10,U10,S02001668,main,income_deprivation,9.275071988787008,49.43049955224368,49.43049955224368,0.0,0.3181084990501404,0.32340142130851746,0.35849013924598694,target_iz_local
2023-02-25,2023-03-04,U10,U10,S02001668,main,employment_deprivation,-1.7516205288115143,49.43049955224368,49.43049955224368,0.0,0.3181084990501404,0.32340142130851746,0.35849013924598694,target_iz_local
2023-02-25,2023-03-04,U10,U10,S02001668,main,higher_education,0.7044598125276008,49.43049955224368,49.43049955224368,0.0,0.3181084990501404,0.32340142130851746,0.35849013924598694,target_iz_local
2023-02-25,2023-03-04,U10,U10,S02001668,main,overcrowding,-0.3712931133451986,49.43049955224368,49.43049955224368,0.0,0.3181084990501404,0.32340142130851746,0.35849013924598694,target_iz_local
2023-02-25,2023-03-04,U10,U10,S02001668,main,crime,2.4041963441031395,49.43049955224368,49.43049955224368,0.0,0.3181084990501404,0.32340142130851746,0.35849013924598694,target_iz_local
2023-02-25,2023-03-04,U10,U10,S02001668,main,public_transport_time_to_gp,-0.1781270799182802,49.43049955224368,49.43049955224368,0.0,0.3181084990501404,0.32340142130851746,0.35849013924598694,target_iz_local
2023-02-25,2023-03-04,U10,U10,S02001668,location,location,1.2796449706667992,49.43049955224368,49.43049955224368,0.0,0.3181084990501404,0.32340142130851746,0.35849013924598694,target_iz_local
2023-02-25,2023-03-04,U10,U10,S02001668,location_interaction,location_x_income_deprivation,-4.84999936194651,49.43049955224368,49.43049955224368,0.0,0.3181084990501404,0.32340142130851746,0.35849013924598694,target_iz_local
2023-02-25,2023-03-04,U10,U10,S02001668,location_interaction,location_x_employment_deprivation,-0.2768268721444149,49.43049955224368,49.43049955224368,0.0,0.3181084990501404,0.32340142130851746,0.35849013924598694,target_iz_local
2023-02-25,2023-03-04,U10,U10,S02001668,location_interaction,location_x_higher_education,0.0460156463441504,49.43049955224368,49.43049955224368,0.0,0.3181084990501404,0.32340142130851746,0.35849013924598694,target_iz_local
2023-02-25,2023-03-04,U10,U10,S02001668,location_interaction,location_x_overcrowding,-0.155927608126677,49.43049955224368,49.43049955224368,0.0,0.3181084990501404,0.32340142130851746,0.35849013924598694,target_iz_local
2023-02-25,2023-03-04,U10,U10,S02001668,location_interaction,location_x_crime,0.4776857080913628,49.43049955224368,49.43049955224368,0.0,0.3181084990501404,0.32340142130851746,0.35849013924598694,target_iz_local
2023-02-25,2023-03-04,U10,U10,S02001668,location_interaction,location_x_public_transport_time_to_gp,0.0276529016948976,49.43049955224368,49.43049955224368,0.0,0.3181084990501404,0.32340142130851746,0.35849013924598694,target_iz_local
2023-02-25,2023-03-04,U10,U10,S02001669,baseline,baseline,36.78580401176232,37.76814005607385,37.76814005607385,0.0,0.3181084990501404,0.32340142130851746,0.35849013924598694,target_iz_local
2023-02-25,2023-03-04,U10,U10,S02001669,main,income_deprivation,3.191098676409053,37.76814005607385,37.76814005607385,0.0,0.3181084990501404,0.32340142130851746,0.35849013924598694,target_iz_local
2023-02-25,2023-03-04,U10,U10,S02001669,main,employment_deprivation,-0.392772020612448,37.76814005607385,37.76814005607385,0.0,0.3181084990501404,0.32340142130851746,0.35849013924598694,target_iz_local
2023-02-25,2023-03-04,U10,U10,S02001669,main,higher_education,0.3168705486115949,37.76814005607385,37.76814005607385,0.0,0.3181084990501404,0.32340142130851746,0.35849013924598694,target_iz_local
2023-02-25,2023-03-04,U10,U10,S02001669,main,overcrowding,0.3421744528270889,37.76814005607385,37.76814005607385,0.0,0.3181084990501404,0.32340142130851746,0.35849013924598694,target_iz_local
2023-02-25,2023-03-04,U10,U10,S02001669,main,crime,0.078597977047874,37.76814005607385,37.76814005607385,0.0,0.3181084990501404,0.32340142130851746,0.35849013924598694,target_iz_local
2023-02-25,2023-03-04,U10,U10,S02001669,main,public_transport_time_to_gp,-1.20385403406053,37.76814005607385,37.76814005607385,0.0,0.3181084990501404,0.32340142130851746,0.35849013924598694,target_iz_local
2023-02-25,2023-03-04,U10,U10,S02001669,location,location,1.1500721341087743,37.76814005607385,37.76814005607385,0.0,0.3181084990501404,0.32340142130851746,0.35849013924598694,target_iz_local
2023-02-25,2023-03-04,U10,U10,S02001669,location_interaction,location_x_income_deprivation,-2.8193491118295,37.76814005607385,37.76814005607385,0.0,0.3181084990501404,0.32340142130851746,0.35849013924598694,target_iz_local
2023-02-25,2023-03-04,U10,U10,S02001669,location_interaction,location_x_employment_deprivation,-0.8280831473214252,37.76814005607385,37.76814005607385,0.0,0.3181084990501404,0.32340142130851746,0.35849013924598694,target_iz_local
2023-02-25,2023-03-04,U10,U10,S02001669,location_interaction,location_x_higher_education,-0.4682733036222911,37.76814005607385,37.76814005607385,0.0,0.3181084990501404,0.32340142130851746,0.35849013924598694,target_iz_local
2023-02-25,2023-03-04,U10,U10,S02001669,location_interaction,location_x_overcrowding,0.0074229422069743,37.76814005607385,37.76814005607385,0.0,0.3181084990501404,0.32340142130851746,0.35849013924598694,target_iz_local
2023-02-25,2023-03-04,U10,U10,S02001669,location_interaction,location_x_crime,0.1110761188325426,37.76814005607385,37.76814005607385,0.0,0.3181084990501404,0.32340142130851746,0.35849013924598694,target_iz_local
2023-02-25,2023-03-04,U10,U10,S02001669,location_interaction,location_x_public_transport_time_to_gp,1.497354811713815,37.76814005607385,37.76814005607385,0.0,0.3181084990501404,0.32340142130851746,0.35849013924598694,target_iz_local
2023-02-25,2023-03-04,U10,U10,S02001670,baseline,baseline,39.24492438929674,41.75867446559069,41.75867446559069,0.0,0.3181084990501404,0.32340142130851746,0.35849013924598694,target_iz_local
2023-02-25,2023-03-04,U10,U10,S02001670,main,income_deprivation,2.7493417739868304,41.75867446559069,41.75867446559069,0.0,0.3181084990501404,0.32340142130851746,0.35849013924598694,target_iz_local
2023-02-25,2023-03-04,U10,U10,S02001670,main,employment_deprivation,-0.5995730717976951,41.75867446559069,41.75867446559069,0.0,0.3181084990501404,0.32340142130851746,0.35849013924598694,target_iz_local
2023-02-25,2023-03-04,U10,U10,S02001670,main,higher_education,0.2722366968790684,41.75867446559069,41.75867446559069,0.0,0.3181084990501404,0.32340142130851746,0.35849013924598694,target_iz_local
2023-02-25,2023-03-04,U10,U10,S02001670,main,overcrowding,0.3533665974934853,41.75867446559069,41.75867446559069,0.0,0.3181084990501404,0.32340142130851746,0.35849013924598694,target_iz_local
2023-02-25,2023-03-04,U10,U10,S02001670,main,crime,1.3850256601969422,41.75867446559069,41.75867446559069,0.0,0.3181084990501404,0.32340142130851746,0.35849013924598694,target_iz_local
2023-02-25,2023-03-04,U10,U10,S02001670,main,public_transport_time_to_gp,0.3144454956054669,41.75867446559069,41.75867446559069,0.0,0.3181084990501404,0.32340142130851746,0.35849013924598694,target_iz_local
2023-02-25,2023-03-04,U10,U10,S02001670,location,location,0.5624778202601864,41.75867446559069,41.75867446559069,0.0,0.3181084990501404,0.32340142130851746,0.35849013924598694,target_iz_local
2023-02-25,2023-03-04,U10,U10,S02001670,location_interaction,location_x_income_deprivation,-2.585278819856206,41.75867446559069,41.75867446559069,0.0,0.3181084990501404,0.32340142130851746,0.35849013924598694,target_iz_local
2023-02-25,2023-03-04,U10,U10,S02001670,location_interaction,location_x_employment_deprivation,-0.5772829600742827,41.75867446559069,41.75867446559069,0.0,0.3181084990501404,0.32340142130851746,0.35849013924598694,target_iz_local
2023-02-25,2023-03-04,U10,U10,S02001670,location_interaction,location_x_higher_education,-0.1676077433994834,41.75867446559069,41.75867446559069,0.0,0.3181084990501404,0.32340142130851746,0.35849013924598694,target_iz_local
2023-02-25,2023-03-04,U10,U10,S02001670,location_interaction,location_x_overcrowding,-0.0048218954177089,41.75867446559069,41.75867446559069,0.0,0.3181084990501404,0.32340142130851746,0.35849013924598694,target_iz_local
2023-02-25,2023-03-04,U10,U10,S02001670,location_interaction,location_x_crime,1.080192066374278,41.75867446559069,41.75867446559069,0.0,0.3181084990501404,0.32340142130851746,0.35849013924598694,target_iz_local
2023-02-25,2023-03-04,U10,U10,S02001670,location_interaction,location_x_public_transport_time_to_gp,-0.2687715439569358,41.75867446559069,41.75867446559069,0.0,0.3181084990501404,0.32340142130851746,0.35849013924598694,target_iz_local
2023-02-25,2023-03-04,U10,U10,S02001671,baseline,baseline,33.59892139846925,41.85677586013918,41.85677586013918,7.105427357601002e-15,0.3181084990501404,0.32340142130851746,0.35849013924598694,target_iz_local
2023-02-25,2023-03-04,U10,U10,S02001671,main,income_deprivation,9.17544694173908,41.85677586013918,41.85677586013918,7.105427357601002e-15,0.3181084990501404,0.32340142130851746,0.35849013924598694,target_iz_local
2023-02-25,2023-03-04,U10,U10,S02001671,main,employment_deprivation,-0.8006927944365134,41.85677586013918,41.85677586013918,7.105427357601002e-15,0.3181084990501404,0.32340142130851746,0.35849013924598694,target_iz_local
2023-02-25,2023-03-04,U10,U10,S02001671,main,higher_education,0.8773904028392947,41.85677586013918,41.85677586013918,7.105427357601002e-15,0.3181084990501404,0.32340142130851746,0.35849013924598694,target_iz_local
2023-02-25,2023-03-04,U10,U10,S02001671,main,overcrowding,0.0569043023245621,41.85677586013918,41.85677586013918,7.105427357601002e-15,0.3181084990501404,0.32340142130851746,0.35849013924598694,target_iz_local
2023-02-25,2023-03-04,U10,U10,S02001671,main,crime,1.8431266648428697,41.85677586013918,41.85677586013918,7.105427357601002e-15,0.3181084990501404,0.32340142130851746,0.35849013924598694,target_iz_local
2023-02-25,2023-03-04,U10,U10,S02001671,main,public_transport_time_to_gp,0.5916293643769691,41.85677586013918,41.85677586013918,7.105427357601002e-15,0.3181084990501404,0.32340142130851746,0.35849013924598694,target_iz_local
2023-02-25,2023-03-04,U10,U10,S02001671,location,location,0.4686855997358061,41.85677586013918,41.85677586013918,7.105427357601002e-15,0.3181084990501404,0.32340142130851746,0.35849013924598694,target_iz_local
2023-02-25,2023-03-04,U10,U10,S02001671,location_interaction,location_x_income_deprivation,-3.54921405883067,41.85677586013918,41.85677586013918,7.105427357601002e-15,0.3181084990501404,0.32340142130851746,0.35849013924598694,target_iz_local
2023-02-25,2023-03-04,U10,U10,S02001671,location_interaction,location_x_employment_deprivation,-0.9276235716683388,41.85677586013918,41.85677586013918,7.105427357601002e-15,0.3181084990501404,0.32340142130851746,0.35849013924598694,target_iz_local
2023-02-25,2023-03-04,U10,U10,S02001671,location_interaction,location_x_higher_education,0.0966539246695389,41.85677586013918,41.85677586013918,7.105427357601002e-15,0.3181084990501404,0.32340142130851746,0.35849013924598694,target_iz_local
2023-02-25,2023-03-04,U10,U10,S02001671,location_interaction,location_x_overcrowding,-0.1448277291797399,41.85677586013918,41.85677586013918,7.105427357601002e-15,0.3181084990501404,0.32340142130851746,0.35849013924598694,target_iz_local
2023-02-25,2023-03-04,U10,U10,S02001671,location_interaction,location_x_crime,0.6431007249014824,41.85677586013918,41.85677586013918,7.105427357601002e-15,0.3181084990501404,0.32340142130851746,0.35849013924598694,target_iz_local
2023-02-25,2023-03-04,U10,U10,S02001671,location_interaction,location_x_public_transport_time_to_gp,-0.0727253096444186,41.85677586013918,41.85677586013918,7.105427357601002e-15,0.3181084990501404,0.32340142130851746,0.35849013924598694,target_iz_local
2023-02-25,2023-03-04,U10,U10,S02001672,baseline,baseline,27.528420531594016,27.550708854042743,27.550708854042743,0.0,0.3181084990501404,0.32340142130851746,0.35849013924598694,target_iz_local
2023-02-25,2023-03-04,U10,U10,S02001672,main,income_deprivation,-1.163167179198496,27.550708854042743,27.550708854042743,0.0,0.3181084990501404,0.32340142130851746,0.35849013924598694,target_iz_local
2023-02-25,2023-03-04,U10,U10,S02001672,main,employment_deprivation,-0.2018477167401995,27.550708854042743,27.550708854042743,0.0,0.3181084990501404,0.32340142130851746,0.35849013924598694,target_iz_local
2023-02-25,2023-03-04,U10,U10,S02001672,main,higher_education,-1.3141881193433536,27.550708854042743,27.550708854042743,0.0,0.3181084990501404,0.32340142130851746,0.35849013924598694,target_iz_local
2023-02-25,2023-03-04,U10,U10,S02001672,main,overcrowding,-0.1865183637255709,27.550708854042743,27.550708854042743,0.0,0.3181084990501404,0.32340142130851746,0.35849013924598694,target_iz_local
2023-02-25,2023-03-04,U10,U10,S02001672,main,crime,-0.08347037292662,27.550708854042743,27.550708854042743,0.0,0.3181084990501404,0.32340142130851746,0.35849013924598694,target_iz_local
2023-02-25,2023-03-04,U10,U10,S02001672,main,public_transport_time_to_gp,0.9005130563463538,27.550708854042743,27.550708854042743,0.0,0.3181084990501404,0.32340142130851746,0.35849013924598694,target_iz_local
2023-02-25,2023-03-04,U10,U10,S02001672,location,location,0.5490480808984691,27.550708854042743,27.550708854042743,0.0,0.3181084990501404,0.32340142130851746,0.35849013924598694,target_iz_local
2023-02-25,2023-03-04,U10,U10,S02001672,location_interaction,location_x_income_deprivation,0.5289084389096247,27.550708854042743,27.550708854042743,0.0,0.3181084990501404,0.32340142130851746,0.35849013924598694,target_iz_local
2023-02-25,2023-03-04,U10,U10,S02001672,location_interaction,location_x_employment_deprivation,0.2496295486177712,27.550708854042743,27.550708854042743,0.0,0.3181084990501404,0.32340142130851746,0.35849013924598694,target_iz_local
2023-02-25,2023-03-04,U10,U10,S02001672,location_interaction,location_x_higher_education,-0.3813959008171406,27.550708854042743,27.550708854042743,0.0,0.3181084990501404,0.32340142130851746,0.35849013924598694,target_iz_local
2023-02-25,2023-03-04,U10,U10,S02001672,location_interaction,location_x_overcrowding,1.1176119997387837,27.550708854042743,27.550708854042743,0.0,0.3181084990501404,0.32340142130851746,0.35849013924598694,target_iz_local
2023-02-25,2023-03-04,U10,U10,S02001672,location_interaction,location_x_crime,0.0833941255296964,27.550708854042743,27.550708854042743,0.0,0.3181084990501404,0.32340142130851746,0.35849013924598694,target_iz_local
2023-02-25,2023-03-04,U10,U10,S02001672,location_interaction,location_x_public_transport_time_to_gp,-0.076229274840588,27.550708854042743,27.550708854042743,0.0,0.3181084990501404,0.32340142130851746,0.35849013924598694,target_iz_local
2023-02-25,2023-03-04,U10,U10,S02001673,baseline,baseline,38.96548144803571,36.937540519099706,36.937540519099706,0.0,0.3181084990501404,0.32340142130851746,0.35849013924598694,target_iz_local
2023-02-25,2023-03-04,U10,U10,S02001673,main,income_deprivation,-1.7186149307659755,36.937540519099706,36.937540519099706,0.0,0.3181084990501404,0.32340142130851746,0.35849013924598694,target_iz_local
2023-02-25,2023-03-04,U10,U10,S02001673,main,employment_deprivation,-0.1723982670477437,36.937540519099706,36.937540519099706,0.0,0.3181084990501404,0.32340142130851746,0.35849013924598694,target_iz_local
2023-02-25,2023-03-04,U10,U10,S02001673,main,higher_education,-1.841801740583925,36.937540519099706,36.937540519099706,0.0,0.3181084990501404,0.32340142130851746,0.35849013924598694,target_iz_local
2023-02-25,2023-03-04,U10,U10,S02001673,main,overcrowding,0.4599552106289696,36.937540519099706,36.937540519099706,0.0,0.3181084990501404,0.32340142130851746,0.35849013924598694,target_iz_local
2023-02-25,2023-03-04,U10,U10,S02001673,main,crime,0.1026766043333822,36.937540519099706,36.937540519099706,0.0,0.3181084990501404,0.32340142130851746,0.35849013924598694,target_iz_local
2023-02-25,2023-03-04,U10,U10,S02001673,main,public_transport_time_to_gp,-1.2281503755421896,36.937540519099706,36.937540519099706,0.0,0.3181084990501404,0.32340142130851746,0.35849013924598694,target_iz_local
2023-02-25,2023-03-04,U10,U10,S02001673,location,location,0.9652791673228884,36.937540519099706,36.937540519099706,0.0,0.3181084990501404,0.32340142130851746,0.35849013924598694,target_iz_local
2023-02-25,2023-03-04,U10,U10,S02001673,location_interaction,location_x_income_deprivation,0.5695543212550085,36.937540519099706,36.937540519099706,0.0,0.3181084990501404,0.32340142130851746,0.35849013924598694,target_iz_local
2023-02-25,2023-03-04,U10,U10,S02001673,location_interaction,location_x_employment_deprivation,0.2975042316175619,36.937540519099706,36.937540519099706,0.0,0.3181084990501404,0.32340142130851746,0.35849013924598694,target_iz_local
2023-02-25,2023-03-04,U10,U10,S02001673,location_interaction,location_x_higher_education,-0.8352389342728069,36.937540519099706,36.937540519099706,0.0,0.3181084990501404,0.32340142130851746,0.35849013924598694,target_iz_local
2023-02-25,2023-03-04,U10,U10,S02001673,location_interaction,location_x_overcrowding,1.484046932345339,36.937540519099706,36.937540519099706,0.0,0.3181084990501404,0.32340142130851746,0.35849013924598694,target_iz_local
2023-02-25,2023-03-04,U10,U10,S02001673,location_interaction,location_x_crime,-0.327154452318242,36.937540519099706,36.937540519099706,0.0,0.3181084990501404,0.32340142130851746,0.35849013924598694,target_iz_local
2023-02-25,2023-03-04,U10,U10,S02001673,location_interaction,location_x_public_transport_time_to_gp,0.2164013040917285,36.937540519099706,36.937540519099706,0.0,0.3181084990501404,0.32340142130851746,0.35849013924598694,target_iz_local
2023-02-25,2023-03-04,U10,U10,S02001674,baseline,baseline,25.19247363239185,25.532723766859927,25.532723766859927,0.0,0.3181084990501404,0.32340142130851746,0.35849013924598694,target_iz_local
2023-02-25,2023-03-04,U10,U10,S02001674,main,income_deprivation,-1.4632833727768553,25.532723766859927,25.532723766859927,0.0,0.3181084990501404,0.32340142130851746,0.35849013924598694,target_iz_local
2023-02-25,2023-03-04,U10,U10,S02001674,main,employment_deprivation,-0.1906891731988815,25.532723766859927,25.532723766859927,0.0,0.3181084990501404,0.32340142130851746,0.35849013924598694,target_iz_local
2023-02-25,2023-03-04,U10,U10,S02001674,main,higher_education,-1.4010250576904888,25.532723766859927,25.532723766859927,0.0,0.3181084990501404,0.32340142130851746,0.35849013924598694,target_iz_local
2023-02-25,2023-03-04,U10,U10,S02001674,main,overcrowding,0.2177628071535215,25.532723766859927,25.532723766859927,0.0,0.3181084990501404,0.32340142130851746,0.35849013924598694,target_iz_local
2023-02-25,2023-03-04,U10,U10,S02001674,main,crime,-0.1448397009145643,25.532723766859927,25.532723766859927,0.0,0.3181084990501404,0.32340142130851746,0.35849013924598694,target_iz_local
2023-02-25,2023-03-04,U10,U10,S02001674,main,public_transport_time_to_gp,2.121342529001699,25.532723766859927,25.532723766859927,0.0,0.3181084990501404,0.32340142130851746,0.35849013924598694,target_iz_local
2023-02-25,2023-03-04,U10,U10,S02001674,location,location,0.5606294948430313,25.532723766859927,25.532723766859927,0.0,0.3181084990501404,0.32340142130851746,0.35849013924598694,target_iz_local
2023-02-25,2023-03-04,U10,U10,S02001674,location_interaction,location_x_income_deprivation,0.8068978386265954,25.532723766859927,25.532723766859927,0.0,0.3181084990501404,0.32340142130851746,0.35849013924598694,target_iz_local
2023-02-25,2023-03-04,U10,U10,S02001674,location_interaction,location_x_employment_deprivation,0.2061321106694985,25.532723766859927,25.532723766859927,0.0,0.3181084990501404,0.32340142130851746,0.35849013924598694,target_iz_local
2023-02-25,2023-03-04,U10,U10,S02001674,location_interaction,location_x_higher_education,-0.9476594301916268,25.532723766859927,25.532723766859927,0.0,0.3181084990501404,0.32340142130851746,0.35849013924598694,target_iz_local
2023-02-25,2023-03-04,U10,U10,S02001674,location_interaction,location_x_overcrowding,1.2223998037122534,25.532723766859927,25.532723766859927,0.0,0.3181084990501404,0.32340142130851746,0.35849013924598694,target_iz_local
2023-02-25,2023-03-04,U10,U10,S02001674,location_interaction,location_x_crime,0.1474154270830606,25.532723766859927,25.532723766859927,0.0,0.3181084990501404,0.32340142130851746,0.35849013924598694,target_iz_local
2023-02-25,2023-03-04,U10,U10,S02001674,location_interaction,location_x_public_transport_time_to_gp,-0.7948331418491644,25.532723766859927,25.532723766859927,0.0,0.3181084990501404,0.32340142130851746,0.35849013924598694,target_iz_local
2023-02-25,2023-03-04,U10,U10,S02001675,baseline,baseline,34.75375107617593,36.349721229984524,36.349721229984524,0.0,0.3181084990501404,0.32340142130851746,0.35849013924598694,target_iz_local
2023-02-25,2023-03-04,U10,U10,S02001675,main,income_deprivation,1.744006565638957,36.349721229984524,36.349721229984524,0.0,0.3181084990501404,0.32340142130851746,0.35849013924598694,target_iz_local
2023-02-25,2023-03-04,U10,U10,S02001675,main,employment_deprivation,-0.0893762316022613,36.349721229984524,36.349721229984524,0.0,0.3181084990501404,0.32340142130851746,0.35849013924598694,target_iz_local
2023-02-25,2023-03-04,U10,U10,S02001675,main,higher_education,0.369645527430942,36.349721229984524,36.349721229984524,0.0,0.3181084990501404,0.32340142130851746,0.35849013924598694,target_iz_local
2023-02-25,2023-03-04,U10,U10,S02001675,main,overcrowding,0.1146842593238448,36.349721229984524,36.349721229984524,0.0,0.3181084990501404,0.32340142130851746,0.35849013924598694,target_iz_local
2023-02-25,2023-03-04,U10,U10,S02001675,main,crime,-0.0087386812482576,36.349721229984524,36.349721229984524,0.0,0.3181084990501404,0.32340142130851746,0.35849013924598694,target_iz_local
2023-02-25,2023-03-04,U10,U10,S02001675,main,public_transport_time_to_gp,0.3208732877458851,36.349721229984524,36.349721229984524,0.0,0.3181084990501404,0.32340142130851746,0.35849013924598694,target_iz_local
2023-02-25,2023-03-04,U10,U10,S02001675,location,location,0.9794505982171966,36.349721229984524,36.349721229984524,0.0,0.3181084990501404,0.32340142130851746,0.35849013924598694,target_iz_local
2023-02-25,2023-03-04,U10,U10,S02001675,location_interaction,location_x_income_deprivation,-1.4142324810936415,36.349721229984524,36.349721229984524,0.0,0.3181084990501404,0.32340142130851746,0.35849013924598694,target_iz_local
2023-02-25,2023-03-04,U10,U10,S02001675,location_interaction,location_x_employment_deprivation,-0.39016116914295,36.349721229984524,36.349721229984524,0.0,0.3181084990501404,0.32340142130851746,0.35849013924598694,target_iz_local
2023-02-25,2023-03-04,U10,U10,S02001675,location_interaction,location_x_higher_education,-0.0602548326764784,36.349721229984524,36.349721229984524,0.0,0.3181084990501404,0.32340142130851746,0.35849013924598694,target_iz_local
2023-02-25,2023-03-04,U10,U10,S02001675,location_interaction,location_x_overcrowding,0.1630850746518107,36.349721229984524,36.349721229984524,0.0,0.3181084990501404,0.32340142130851746,0.35849013924598694,target_iz_local
2023-02-25,2023-03-04,U10,U10,S02001675,location_interaction,location_x_crime,0.0476026171729697,36.349721229984524,36.349721229984524,0.0,0.3181084990501404,0.32340142130851746,0.35849013924598694,target_iz_local
2023-02-25,2023-03-04,U10,U10,S02001675,location_interaction,location_x_public_transport_time_to_gp,-0.1806143806094232,36.349721229984524,36.349721229984524,0.0,0.3181084990501404,0.32340142130851746,0.35849013924598694,target_iz_local
2023-02-25,2023-03-04,U10,U10,S02001676,baseline,baseline,26.21655968779929,27.873922625726536,27.873922625726536,0.0,0.3181084990501404,0.32340142130851746,0.35849013924598694,target_iz_local
2023-02-25,2023-03-04,U10,U10,S02001676,main,income_deprivation,1.1828298228127665,27.873922625726536,27.873922625726536,0.0,0.3181084990501404,0.32340142130851746,0.35849013924598694,target_iz_local
2023-02-25,2023-03-04,U10,U10,S02001676,main,employment_deprivation,-0.0378165426708413,27.873922625726536,27.873922625726536,0.0,0.3181084990501404,0.32340142130851746,0.35849013924598694,target_iz_local
2023-02-25,2023-03-04,U10,U10,S02001676,main,higher_education,-0.4534304482596288,27.873922625726536,27.873922625726536,0.0,0.3181084990501404,0.32340142130851746,0.35849013924598694,target_iz_local
2023-02-25,2023-03-04,U10,U10,S02001676,main,overcrowding,0.1801094986143548,27.873922625726536,27.873922625726536,0.0,0.3181084990501404,0.32340142130851746,0.35849013924598694,target_iz_local
2023-02-25,2023-03-04,U10,U10,S02001676,main,crime,0.0635465122404542,27.873922625726536,27.873922625726536,0.0,0.3181084990501404,0.32340142130851746,0.35849013924598694,target_iz_local
2023-02-25,2023-03-04,U10,U10,S02001676,main,public_transport_time_to_gp,1.0989784853799032,27.873922625726536,27.873922625726536,0.0,0.3181084990501404,0.32340142130851746,0.35849013924598694,target_iz_local
2023-02-25,2023-03-04,U10,U10,S02001676,location,location,0.8626746904282373,27.873922625726536,27.873922625726536,0.0,0.3181084990501404,0.32340142130851746,0.35849013924598694,target_iz_local
2023-02-25,2023-03-04,U10,U10,S02001676,location_interaction,location_x_income_deprivation,-0.9671981062207962,27.873922625726536,27.873922625726536,0.0,0.3181084990501404,0.32340142130851746,0.35849013924598694,target_iz_local
2023-02-25,2023-03-04,U10,U10,S02001676,location_interaction,location_x_employment_deprivation,-0.2966912950788223,27.873922625726536,27.873922625726536,0.0,0.3181084990501404,0.32340142130851746,0.35849013924598694,target_iz_local
2023-02-25,2023-03-04,U10,U10,S02001676,location_interaction,location_x_higher_education,0.1734512124742799,27.873922625726536,27.873922625726536,0.0,0.3181084990501404,0.32340142130851746,0.35849013924598694,target_iz_local
2023-02-25,2023-03-04,U10,U10,S02001676,location_interaction,location_x_overcrowding,0.203566022146318,27.873922625726536,27.873922625726536,0.0,0.3181084990501404,0.32340142130851746,0.35849013924598694,target_iz_local
2023-02-25,2023-03-04,U10,U10,S02001676,location_interaction,location_x_crime,-0.0884439195905405,27.873922625726536,27.873922625726536,0.0,0.3181084990501404,0.32340142130851746,0.35849013924598694,target_iz_local
2023-02-25,2023-03-04,U10,U10,S02001676,location_interaction,location_x_public_transport_time_to_gp,-0.2642129943484386,27.873922625726536,27.873922625726536,0.0,0.3181084990501404,0.32340142130851746,0.35849013924598694,target_iz_local
2023-02-25,2023-03-04,U10,U10,S02001677,baseline,baseline,26.24784416140932,27.14719480456728,27.14719480456728,0.0,0.3181084990501404,0.32340142130851746,0.35849013924598694,target_iz_local
2023-02-25,2023-03-04,U10,U10,S02001677,main,income_deprivation,-1.4880224000840034,27.14719480456728,27.14719480456728,0.0,0.3181084990501404,0.32340142130851746,0.35849013924598694,target_iz_local
2023-02-25,2023-03-04,U10,U10,S02001677,main,employment_deprivation,-0.1506916772751578,27.14719480456728,27.14719480456728,0.0,0.3181084990501404,0.32340142130851746,0.35849013924598694,target_iz_local
2023-02-25,2023-03-04,U10,U10,S02001677,main,higher_education,-1.103312104088923,27.14719480456728,27.14719480456728,0.0,0.3181084990501404,0.32340142130851746,0.35849013924598694,target_iz_local
2023-02-25,2023-03-04,U10,U10,S02001677,main,overcrowding,0.0401641913822734,27.14719480456728,27.14719480456728,0.0,0.3181084990501404,0.32340142130851746,0.35849013924598694,target_iz_local
2023-02-25,2023-03-04,U10,U10,S02001677,main,crime,0.0810782818567194,27.14719480456728,27.14719480456728,0.0,0.3181084990501404,0.32340142130851746,0.35849013924598694,target_iz_local
2023-02-25,2023-03-04,U10,U10,S02001677,main,public_transport_time_to_gp,1.928267279125404,27.14719480456728,27.14719480456728,0.0,0.3181084990501404,0.32340142130851746,0.35849013924598694,target_iz_local
2023-02-25,2023-03-04,U10,U10,S02001677,location,location,0.1073044867742631,27.14719480456728,27.14719480456728,0.0,0.3181084990501404,0.32340142130851746,0.35849013924598694,target_iz_local
2023-02-25,2023-03-04,U10,U10,S02001677,location_interaction,location_x_income_deprivation,0.8459549608684801,27.14719480456728,27.14719480456728,0.0,0.3181084990501404,0.32340142130851746,0.35849013924598694,target_iz_local
2023-02-25,2023-03-04,U10,U10,S02001677,location_interaction,location_x_employment_deprivation,0.1762898785727357,27.14719480456728,27.14719480456728,0.0,0.3181084990501404,0.32340142130851746,0.35849013924598694,target_iz_local
2023-02-25,2023-03-04,U10,U10,S02001677,location_interaction,location_x_higher_education,0.1878871622539736,27.14719480456728,27.14719480456728,0.0,0.3181084990501404,0.32340142130851746,0.35849013924598694,target_iz_local
2023-02-25,2023-03-04,U10,U10,S02001677,location_interaction,location_x_overcrowding,0.5875871522085987,27.14719480456728,27.14719480456728,0.0,0.3181084990501404,0.32340142130851746,0.35849013924598694,target_iz_local
2023-02-25,2023-03-04,U10,U10,S02001677,location_interaction,location_x_crime,-0.0355010009947281,27.14719480456728,27.14719480456728,0.0,0.3181084990501404,0.32340142130851746,0.35849013924598694,target_iz_local
2023-02-25,2023-03-04,U10,U10,S02001677,location_interaction,location_x_public_transport_time_to_gp,-0.2776555674416761,27.14719480456728,27.14719480456728,0.0,0.3181084990501404,0.32340142130851746,0.35849013924598694,target_iz_local
2023-02-25,2023-03-04,U10,U10,S02001678,baseline,baseline,34.937138888553775,36.75427851410309,36.75427851410309,0.0,0.3181084990501404,0.32340142130851746,0.35849013924598694,target_iz_local
2023-02-25,2023-03-04,U10,U10,S02001678,main,income_deprivation,-1.5174506482623966,36.75427851410309,36.75427851410309,0.0,0.3181084990501404,0.32340142130851746,0.35849013924598694,target_iz_local
2023-02-25,2023-03-04,U10,U10,S02001678,main,employment_deprivation,-0.0490541594369083,36.75427851410309,36.75427851410309,0.0,0.3181084990501404,0.32340142130851746,0.35849013924598694,target_iz_local
2023-02-25,2023-03-04,U10,U10,S02001678,main,higher_education,-1.2226772921425997,36.75427851410309,36.75427851410309,0.0,0.3181084990501404,0.32340142130851746,0.35849013924598694,target_iz_local
2023-02-25,2023-03-04,U10,U10,S02001678,main,overcrowding,-0.0246284780048199,36.75427851410309,36.75427851410309,0.0,0.3181084990501404,0.32340142130851746,0.35849013924598694,target_iz_local
2023-02-25,2023-03-04,U10,U10,S02001678,main,crime,0.0865343752361484,36.75427851410309,36.75427851410309,0.0,0.3181084990501404,0.32340142130851746,0.35849013924598694,target_iz_local
2023-02-25,2023-03-04,U10,U10,S02001678,main,public_transport_time_to_gp,4.194863941555948,36.75427851410309,36.75427851410309,0.0,0.3181084990501404,0.32340142130851746,0.35849013924598694,target_iz_local
2023-02-25,2023-03-04,U10,U10,S02001678,location,location,0.8361786751520098,36.75427851410309,36.75427851410309,0.0,0.3181084990501404,0.32340142130851746,0.35849013924598694,target_iz_local
2023-02-25,2023-03-04,U10,U10,S02001678,location_interaction,location_x_income_deprivation,0.653067577452895,36.75427851410309,36.75427851410309,0.0,0.3181084990501404,0.32340142130851746,0.35849013924598694,target_iz_local
2023-02-25,2023-03-04,U10,U10,S02001678,location_interaction,location_x_employment_deprivation,0.0282747631981248,36.75427851410309,36.75427851410309,0.0,0.3181084990501404,0.32340142130851746,0.35849013924598694,target_iz_local
2023-02-25,2023-03-04,U10,U10,S02001678,location_interaction,location_x_higher_education,0.4113050347282803,36.75427851410309,36.75427851410309,0.0,0.3181084990501404,0.32340142130851746,0.35849013924598694,target_iz_local
2023-02-25,2023-03-04,U10,U10,S02001678,location_interaction,location_x_overcrowding,0.433125214349657,36.75427851410309,36.75427851410309,0.0,0.3181084990501404,0.32340142130851746,0.35849013924598694,target_iz_local
2023-02-25,2023-03-04,U10,U10,S02001678,location_interaction,location_x_crime,-0.0737597261156366,36.75427851410309,36.75427851410309,0.0,0.3181084990501404,0.32340142130851746,0.35849013924598694,target_iz_local
2023-02-25,2023-03-04,U10,U10,S02001678,location_interaction,location_x_public_transport_time_to_gp,-1.9386396521613865,36.75427851410309,36.75427851410309,0.0,0.3181084990501404,0.32340142130851746,0.35849013924598694,target_iz_local
2023-02-25,2023-03-04,U10,U10,S02001679,baseline,baseline,31.54003536796808,30.017302633287898,30.017302633287898,3.552713678800501e-15,0.3181084990501404,0.32340142130851746,0.35849013924598694,target_iz_local
2023-02-25,2023-03-04,U10,U10,S02001679,main,income_deprivation,-1.0063065665108857,30.017302633287898,30.017302633287898,3.552713678800501e-15,0.3181084990501404,0.32340142130851746,0.35849013924598694,target_iz_local
2023-02-25,2023-03-04,U10,U10,S02001679,main,employment_deprivation,-0.1624375797453368,30.017302633287898,30.017302633287898,3.552713678800501e-15,0.3181084990501404,0.32340142130851746,0.35849013924598694,target_iz_local
2023-02-25,2023-03-04,U10,U10,S02001679,main,higher_education,-1.236917954399475,30.017302633287898,30.017302633287898,3.552713678800501e-15,0.3181084990501404,0.32340142130851746,0.35849013924598694,target_iz_local
2023-02-25,2023-03-04,U10,U10,S02001679,main,overcrowding,0.1371967497326086,30.017302633287898,30.017302633287898,3.552713678800501e-15,0.3181084990501404,0.32340142130851746,0.35849013924598694,target_iz_local
2023-02-25,2023-03-04,U10,U10,S02001679,main,crime,-0.017776439303442,30.017302633287898,30.017302633287898,3.552713678800501e-15,0.3181084990501404,0.32340142130851746,0.35849013924598694,target_iz_local
2023-02-25,2023-03-04,U10,U10,S02001679,main,public_transport_time_to_gp,0.3484808785574799,30.017302633287898,30.017302633287898,3.552713678800501e-15,0.3181084990501404,0.32340142130851746,0.35849013924598694,target_iz_local
2023-02-25,2023-03-04,U10,U10,S02001679,location,location,0.2731411434355241,30.017302633287898,30.017302633287898,3.552713678800501e-15,0.3181084990501404,0.32340142130851746,0.35849013924598694,target_iz_local
2023-02-25,2023-03-04,U10,U10,S02001679,location_interaction,location_x_income_deprivation,0.2350921267554915,30.017302633287898,30.017302633287898,3.552713678800501e-15,0.3181084990501404,0.32340142130851746,0.35849013924598694,target_iz_local
2023-02-25,2023-03-04,U10,U10,S02001679,location_interaction,location_x_employment_deprivation,0.0841888700212737,30.017302633287898,30.017302633287898,3.552713678800501e-15,0.3181084990501404,0.32340142130851746,0.35849013924598694,target_iz_local
2023-02-25,2023-03-04,U10,U10,S02001679,location_interaction,location_x_higher_education,-0.8481618290855727,30.017302633287898,30.017302633287898,3.552713678800501e-15,0.3181084990501404,0.32340142130851746,0.35849013924598694,target_iz_local
2023-02-25,2023-03-04,U10,U10,S02001679,location_interaction,location_x_overcrowding,0.7754321370805997,30.017302633287898,30.017302633287898,3.552713678800501e-15,0.3181084990501404,0.32340142130851746,0.35849013924598694,target_iz_local
2023-02-25,2023-03-04,U10,U10,S02001679,location_interaction,location_x_crime,0.0191862060910158,30.017302633287898,30.017302633287898,3.552713678800501e-15,0.3181084990501404,0.32340142130851746,0.35849013924598694,target_iz_local
2023-02-25,2023-03-04,U10,U10,S02001679,location_interaction,location_x_public_transport_time_to_gp,-0.1238504773094573,30.017302633287898,30.017302633287898,3.552713678800501e-15,0.3181084990501404,0.32340142130851746,0.35849013924598694,target_iz_local
2023-02-25,2023-03-04,U10,U10,S02001680,baseline,baseline,34.13796892242935,36.95378443079498,36.95378443079498,0.0,0.3181084990501404,0.32340142130851746,0.35849013924598694,target_iz_local
2023-02-25,2023-03-04,U10,U10,S02001680,main,income_deprivation,0.2398763606945689,36.95378443079498,36.95378443079498,0.0,0.3181084990501404,0.32340142130851746,0.35849013924598694,target_iz_local
2023-02-25,2023-03-04,U10,U10,S02001680,main,employment_deprivation,-0.0714948236942298,36.95378443079498,36.95378443079498,0.0,0.3181084990501404,0.32340142130851746,0.35849013924598694,target_iz_local
2023-02-25,2023-03-04,U10,U10,S02001680,main,higher_education,-0.5969840357701018,36.95378443079498,36.95378443079498,0.0,0.3181084990501404,0.32340142130851746,0.35849013924598694,target_iz_local
2023-02-25,2023-03-04,U10,U10,S02001680,main,overcrowding,0.043075435360271,36.95378443079498,36.95378443079498,0.0,0.3181084990501404,0.32340142130851746,0.35849013924598694,target_iz_local
2023-02-25,2023-03-04,U10,U10,S02001680,main,crime,-0.0603100508451476,36.95378443079498,36.95378443079498,0.0,0.3181084990501404,0.32340142130851746,0.35849013924598694,target_iz_local
2023-02-25,2023-03-04,U10,U10,S02001680,main,public_transport_time_to_gp,2.9101491957902983,36.95378443079498,36.95378443079498,0.0,0.3181084990501404,0.32340142130851746,0.35849013924598694,target_iz_local
2023-02-25,2023-03-04,U10,U10,S02001680,location,location,-0.0930362366494681,36.95378443079498,36.95378443079498,0.0,0.3181084990501404,0.32340142130851746,0.35849013924598694,target_iz_local
2023-02-25,2023-03-04,U10,U10,S02001680,location_interaction,location_x_income_deprivation,0.0299636748575009,36.95378443079498,36.95378443079498,0.0,0.3181084990501404,0.32340142130851746,0.35849013924598694,target_iz_local
2023-02-25,2023-03-04,U10,U10,S02001680,location_interaction,location_x_employment_deprivation,-0.0119020286060515,36.95378443079498,36.95378443079498,0.0,0.3181084990501404,0.32340142130851746,0.35849013924598694,target_iz_local
2023-02-25,2023-03-04,U10,U10,S02001680,location_interaction,location_x_higher_education,-0.2036347799357882,36.95378443079498,36.95378443079498,0.0,0.3181084990501404,0.32340142130851746,0.35849013924598694,target_iz_local
2023-02-25,2023-03-04,U10,U10,S02001680,location_interaction,location_x_overcrowding,-0.0782232396659384,36.95378443079498,36.95378443079498,0.0,0.3181084990501404,0.32340142130851746,0.35849013924598694,target_iz_local
2023-02-25,2023-03-04,U10,U10,S02001680,location_interaction,location_x_crime,-0.0777805420614412,36.95378443079498,36.95378443079498,0.0,0.3181084990501404,0.32340142130851746,0.35849013924598694,target_iz_local
2023-02-25,2023-03-04,U10,U10,S02001680,location_interaction,location_x_public_transport_time_to_gp,0.7861165788911585,36.95378443079498,36.95378443079498,0.0,0.3181084990501404,0.32340142130851746,0.35849013924598694,target_iz_local
2023-02-25,2023-03-04,U10,U10,S02001681,baseline,baseline,32.20120066831667,33.29734439085085,33.29734439085085,0.0,0.3181084990501404,0.32340142130851746,0.35849013924598694,target_iz_local
2023-02-25,2023-03-04,U10,U10,S02001681,main,income_deprivation,0.0477763175964354,33.29734439085085,33.29734439085085,0.0,0.3181084990501404,0.32340142130851746,0.35849013924598694,target_iz_local
2023-02-25,2023-03-04,U10,U10,S02001681,main,employment_deprivation,0.0400468190511065,33.29734439085085,33.29734439085085,0.0,0.3181084990501404,0.32340142130851746,0.35849013924598694,target_iz_local
2023-02-25,2023-03-04,U10,U10,S02001681,main,higher_education,0.0050482114156083,33.29734439085085,33.29734439085085,0.0,0.3181084990501404,0.32340142130851746,0.35849013924598694,target_iz_local
2023-02-25,2023-03-04,U10,U10,S02001681,main,overcrowding,0.0868612607320139,33.29734439085085,33.29734439085085,0.0,0.3181084990501404,0.32340142130851746,0.35849013924598694,target_iz_local
2023-02-25,2023-03-04,U10,U10,S02001681,main,crime,-0.0257096608479822,33.29734439085085,33.29734439085085,0.0,0.3181084990501404,0.32340142130851746,0.35849013924598694,target_iz_local
2023-02-25,2023-03-04,U10,U10,S02001681,main,public_transport_time_to_gp,0.904048665364586,33.29734439085085,33.29734439085085,0.0,0.3181084990501404,0.32340142130851746,0.35849013924598694,target_iz_local
2023-02-25,2023-03-04,U10,U10,S02001681,location,location,-0.2294886044093552,33.29734439085085,33.29734439085085,0.0,0.3181084990501404,0.32340142130851746,0.35849013924598694,target_iz_local
2023-02-25,2023-03-04,U10,U10,S02001681,location_interaction,location_x_income_deprivation,-0.0229773294358024,33.29734439085085,33.29734439085085,0.0,0.3181084990501404,0.32340142130851746,0.35849013924598694,target_iz_local
2023-02-25,2023-03-04,U10,U10,S02001681,location_interaction,location_x_employment_deprivation,-0.0169688315618602,33.29734439085085,33.29734439085085,0.0,0.3181084990501404,0.32340142130851746,0.35849013924598694,target_iz_local
2023-02-25,2023-03-04,U10,U10,S02001681,location_interaction,location_x_higher_education,0.0019948550633027,33.29734439085085,33.29734439085085,0.0,0.3181084990501404,0.32340142130851746,0.35849013924598694,target_iz_local
2023-02-25,2023-03-04,U10,U10,S02001681,location_interaction,location_x_overcrowding,0.2903207052321674,33.29734439085085,33.29734439085085,0.0,0.3181084990501404,0.32340142130851746,0.35849013924598694,target_iz_local
2023-02-25,2023-03-04,U10,U10,S02001681,location_interaction,location_x_crime,-0.0173978578476669,33.29734439085085,33.29734439085085,0.0,0.3181084990501404,0.32340142130851746,0.35849013924598694,target_iz_local
2023-02-25,2023-03-04,U10,U10,S02001681,location_interaction,location_x_public_transport_time_to_gp,0.0325891721816263,33.29734439085085,33.29734439085085,0.0,0.3181084990501404,0.32340142130851746,0.35849013924598694,target_iz_local
2023-02-25,2023-03-04,U10,U10,S02001682,baseline,baseline,26.910847513681823,30.16082319498676,30.16082319498676,0.0,0.3181084990501404,0.32340142130851746,0.35849013924598694,target_iz_local
2023-02-25,2023-03-04,U10,U10,S02001682,main,income_deprivation,-0.1060804049174004,30.16082319498676,30.16082319498676,0.0,0.3181084990501404,0.32340142130851746,0.35849013924598694,target_iz_local
2023-02-25,2023-03-04,U10,U10,S02001682,main,employment_deprivation,-0.0745302995045984,30.16082319498676,30.16082319498676,0.0,0.3181084990501404,0.32340142130851746,0.35849013924598694,target_iz_local
2023-02-25,2023-03-04,U10,U10,S02001682,main,higher_education,-0.2058101336161331,30.16082319498676,30.16082319498676,0.0,0.3181084990501404,0.32340142130851746,0.35849013924598694,target_iz_local
2023-02-25,2023-03-04,U10,U10,S02001682,main,overcrowding,-0.1009563604990663,30.16082319498676,30.16082319498676,0.0,0.3181084990501404,0.32340142130851746,0.35849013924598694,target_iz_local
2023-02-25,2023-03-04,U10,U10,S02001682,main,crime,-3.543583943674898e-15,30.16082319498676,30.16082319498676,0.0,0.3181084990501404,0.32340142130851746,0.35849013924598694,target_iz_local
2023-02-25,2023-03-04,U10,U10,S02001682,main,public_transport_time_to_gp,3.277383995056166,30.16082319498676,30.16082319498676,0.0,0.3181084990501404,0.32340142130851746,0.35849013924598694,target_iz_local
2023-02-25,2023-03-04,U10,U10,S02001682,location,location,0.0925027211507161,30.16082319498676,30.16082319498676,0.0,0.3181084990501404,0.32340142130851746,0.35849013924598694,target_iz_local
2023-02-25,2023-03-04,U10,U10,S02001682,location_interaction,location_x_income_deprivation,0.0202584902445483,30.16082319498676,30.16082319498676,0.0,0.3181084990501404,0.32340142130851746,0.35849013924598694,target_iz_local
2023-02-25,2023-03-04,U10,U10,S02001682,location_interaction,location_x_employment_deprivation,0.0474089463551833,30.16082319498676,30.16082319498676,0.0,0.3181084990501404,0.32340142130851746,0.35849013924598694,target_iz_local
2023-02-25,2023-03-04,U10,U10,S02001682,location_interaction,location_x_higher_education,-0.0415558656056685,30.16082319498676,30.16082319498676,0.0,0.3181084990501404,0.32340142130851746,0.35849013924598694,target_iz_local
2023-02-25,2023-03-04,U10,U10,S02001682,location_interaction,location_x_overcrowding,0.077775080998741,30.16082319498676,30.16082319498676,0.0,0.3181084990501404,0.32340142130851746,0.35849013924598694,target_iz_local
2023-02-25,2023-03-04,U10,U10,S02001682,location_interaction,location_x_crime,3.9492952052718144e-15,30.16082319498676,30.16082319498676,0.0,0.3181084990501404,0.32340142130851746,0.35849013924598694,target_iz_local
2023-02-25,2023-03-04,U10,U10,S02001682,location_interaction,location_x_public_transport_time_to_gp,0.2635795116424434,30.16082319498676,30.16082319498676,0.0,0.3181084990501404,0.32340142130851746,0.35849013924598694,target_iz_local
2023-02-25,2023-03-04,U10,U10,S02001683,baseline,baseline,21.52155659564693,22.21319220432003,22.21319220432003,0.0,0.3181084990501404,0.32340142130851746,0.35849013924598694,target_iz_local
2023-02-25,2023-03-04,U10,U10,S02001683,main,income_deprivation,-0.0173208441053123,22.21319220432003,22.21319220432003,0.0,0.3181084990501404,0.32340142130851746,0.35849013924598694,target_iz_local
2023-02-25,2023-03-04,U10,U10,S02001683,main,employment_deprivation,0.0398111615862165,22.21319220432003,22.21319220432003,0.0,0.3181084990501404,0.32340142130851746,0.35849013924598694,target_iz_local
2023-02-25,2023-03-04,U10,U10,S02001683,main,higher_education,0.0082399004981627,22.21319220432003,22.21319220432003,0.0,0.3181084990501404,0.32340142130851746,0.35849013924598694,target_iz_local
2023-02-25,2023-03-04,U10,U10,S02001683,main,overcrowding,-0.0026731695447654,22.21319220432003,22.21319220432003,0.0,0.3181084990501404,0.32340142130851746,0.35849013924598694,target_iz_local
2023-02-25,2023-03-04,U10,U10,S02001683,main,crime,-0.3770949250175862,22.21319220432003,22.21319220432003,0.0,0.3181084990501404,0.32340142130851746,0.35849013924598694,target_iz_local
2023-02-25,2023-03-04,U10,U10,S02001683,main,public_transport_time_to_gp,0.930974240530109,22.21319220432003,22.21319220432003,0.0,0.3181084990501404,0.32340142130851746,0.35849013924598694,target_iz_local
2023-02-25,2023-03-04,U10,U10,S02001683,location,location,-0.5513207526434056,22.21319220432003,22.21319220432003,0.0,0.3181084990501404,0.32340142130851746,0.35849013924598694,target_iz_local
2023-02-25,2023-03-04,U10,U10,S02001683,location_interaction,location_x_income_deprivation,0.0034662201291044,22.21319220432003,22.21319220432003,0.0,0.3181084990501404,0.32340142130851746,0.35849013924598694,target_iz_local
2023-02-25,2023-03-04,U10,U10,S02001683,location_interaction,location_x_employment_deprivation,-0.0621084735507056,22.21319220432003,22.21319220432003,0.0,0.3181084990501404,0.32340142130851746,0.35849013924598694,target_iz_local
2023-02-25,2023-03-04,U10,U10,S02001683,location_interaction,location_x_higher_education,0.0063249542599638,22.21319220432003,22.21319220432003,0.0,0.3181084990501404,0.32340142130851746,0.35849013924598694,target_iz_local
2023-02-25,2023-03-04,U10,U10,S02001683,location_interaction,location_x_overcrowding,0.4848633561815543,22.21319220432003,22.21319220432003,0.0,0.3181084990501404,0.32340142130851746,0.35849013924598694,target_iz_local
2023-02-25,2023-03-04,U10,U10,S02001683,location_interaction,location_x_crime,0.1938741797492645,22.21319220432003,22.21319220432003,0.0,0.3181084990501404,0.32340142130851746,0.35849013924598694,target_iz_local
2023-02-25,2023-03-04,U10,U10,S02001683,location_interaction,location_x_public_transport_time_to_gp,0.0345997606004955,22.21319220432003,22.21319220432003,0.0,0.3181084990501404,0.32340142130851746,0.35849013924598694,target_iz_local
2023-02-25,2023-03-04,U10,U10,S02001684,baseline,baseline,25.22666335714389,28.656758076077,28.656758076077,0.0,0.3181084990501404,0.32340142130851746,0.35849013924598694,target_iz_local
2023-02-25,2023-03-04,U10,U10,S02001684,main,income_deprivation,0.457755356743222,28.656758076077,28.656758076077,0.0,0.3181084990501404,0.32340142130851746,0.35849013924598694,target_iz_local
2023-02-25,2023-03-04,U10,U10,S02001684,main,employment_deprivation,-0.0102906726655531,28.656758076077,28.656758076077,0.0,0.3181084990501404,0.32340142130851746,0.35849013924598694,target_iz_local
2023-02-25,2023-03-04,U10,U10,S02001684,main,higher_education,-0.4628573599315847,28.656758076077,28.656758076077,0.0,0.3181084990501404,0.32340142130851746,0.35849013924598694,target_iz_local
2023-02-25,2023-03-04,U10,U10,S02001684,main,overcrowding,-0.2079219363984676,28.656758076077,28.656758076077,0.0,0.3181084990501404,0.32340142130851746,0.35849013924598694,target_iz_local
2023-02-25,2023-03-04,U10,U10,S02001684,main,crime,-0.0087511880057239,28.656758076077,28.656758076077,0.0,0.3181084990501404,0.32340142130851746,0.35849013924598694,target_iz_local
2023-02-25,2023-03-04,U10,U10,S02001684,main,public_transport_time_to_gp,4.274153373354976,28.656758076077,28.656758076077,0.0,0.3181084990501404,0.32340142130851746,0.35849013924598694,target_iz_local
2023-02-25,2023-03-04,U10,U10,S02001684,location,location,1.4072827793303049,28.656758076077,28.656758076077,0.0,0.3181084990501404,0.32340142130851746,0.35849013924598694,target_iz_local
2023-02-25,2023-03-04,U10,U10,S02001684,location_interaction,location_x_income_deprivation,-0.1583972295125334,28.656758076077,28.656758076077,0.0,0.3181084990501404,0.32340142130851746,0.35849013924598694,target_iz_local
2023-02-25,2023-03-04,U10,U10,S02001684,location_interaction,location_x_employment_deprivation,-0.0023624420166002,28.656758076077,28.656758076077,0.0,0.3181084990501404,0.32340142130851746,0.35849013924598694,target_iz_local
2023-02-25,2023-03-04,U10,U10,S02001684,location_interaction,location_x_higher_education,0.1073621431986497,28.656758076077,28.656758076077,0.0,0.3181084990501404,0.32340142130851746,0.35849013924598694,target_iz_local
2023-02-25,2023-03-04,U10,U10,S02001684,location_interaction,location_x_overcrowding,0.3581691106160545,28.656758076077,28.656758076077,0.0,0.3181084990501404,0.32340142130851746,0.35849013924598694,target_iz_local
2023-02-25,2023-03-04,U10,U10,S02001684,location_interaction,location_x_crime,-0.1962220509846974,28.656758076077,28.656758076077,0.0,0.3181084990501404,0.32340142130851746,0.35849013924598694,target_iz_local
2023-02-25,2023-03-04,U10,U10,S02001684,location_interaction,location_x_public_transport_time_to_gp,-2.1278251647949418,28.656758076077,28.656758076077,0.0,0.3181084990501404,0.32340142130851746,0.35849013924598694,target_iz_local
2023-02-25,2023-03-04,U10,U10,S02001685,baseline,baseline,21.42449125255456,22.083269920004508,22.083269920004508,0.0,0.3181084990501404,0.32340142130851746,0.35849013924598694,target_iz_local
2023-02-25,2023-03-04,U10,U10,S02001685,main,income_deprivation,0.0046827577409297,22.083269920004508,22.083269920004508,0.0,0.3181084990501404,0.32340142130851746,0.35849013924598694,target_iz_local
2023-02-25,2023-03-04,U10,U10,S02001685,main,employment_deprivation,-0.0283071286621545,22.083269920004508,22.083269920004508,0.0,0.3181084990501404,0.32340142130851746,0.35849013924598694,target_iz_local
2023-02-25,2023-03-04,U10,U10,S02001685,main,higher_education,-1.2134616819166049,22.083269920004508,22.083269920004508,0.0,0.3181084990501404,0.32340142130851746,0.35849013924598694,target_iz_local
2023-02-25,2023-03-04,U10,U10,S02001685,main,overcrowding,0.794546127603171,22.083269920004508,22.083269920004508,0.0,0.3181084990501404,0.32340142130851746,0.35849013924598694,target_iz_local
2023-02-25,2023-03-04,U10,U10,S02001685,main,crime,0.3013299080587584,22.083269920004508,22.083269920004508,0.0,0.3181084990501404,0.32340142130851746,0.35849013924598694,target_iz_local
2023-02-25,2023-03-04,U10,U10,S02001685,main,public_transport_time_to_gp,-0.4560465958856415,22.083269920004508,22.083269920004508,0.0,0.3181084990501404,0.32340142130851746,0.35849013924598694,target_iz_local
2023-02-25,2023-03-04,U10,U10,S02001685,location,location,1.2677732731614846,22.083269920004508,22.083269920004508,0.0,0.3181084990501404,0.32340142130851746,0.35849013924598694,target_iz_local
2023-02-25,2023-03-04,U10,U10,S02001685,location_interaction,location_x_income_deprivation,-0.0034050521396474,22.083269920004508,22.083269920004508,0.0,0.3181084990501404,0.32340142130851746,0.35849013924598694,target_iz_local
2023-02-25,2023-03-04,U10,U10,S02001685,location_interaction,location_x_employment_deprivation,-0.0421653178476163,22.083269920004508,22.083269920004508,0.0,0.3181084990501404,0.32340142130851746,0.35849013924598694,target_iz_local
2023-02-25,2023-03-04,U10,U10,S02001685,location_interaction,location_x_higher_education,-0.125899816268962,22.083269920004508,22.083269920004508,0.0,0.3181084990501404,0.32340142130851746,0.35849013924598694,target_iz_local
2023-02-25,2023-03-04,U10,U10,S02001685,location_interaction,location_x_overcrowding,0.3390667858577866,22.083269920004508,22.083269920004508,0.0,0.3181084990501404,0.32340142130851746,0.35849013924598694,target_iz_local
2023-02-25,2023-03-04,U10,U10,S02001685,location_interaction,location_x_crime,-0.3255268183492503,22.083269920004508,22.083269920004508,0.0,0.3181084990501404,0.32340142130851746,0.35849013924598694,target_iz_local
2023-02-25,2023-03-04,U10,U10,S02001685,location_interaction,location_x_public_transport_time_to_gp,0.1461922260976979,22.083269920004508,22.083269920004508,0.0,0.3181084990501404,0.32340142130851746,0.35849013924598694,target_iz_local
2023-02-25,2023-03-04,U10,U10,S02001686,baseline,baseline,20.113373788639013,22.109224828525488,22.109224828525488,0.0,0.3181084990501404,0.32340142130851746,0.35849013924598694,target_iz_local
2023-02-25,2023-03-04,U10,U10,S02001686,main,income_deprivation,-0.9962719145275356,22.109224828525488,22.109224828525488,0.0,0.3181084990501404,0.32340142130851746,0.35849013924598694,target_iz_local
2023-02-25,2023-03-04,U10,U10,S02001686,main,employment_deprivation,0.0306627727690202,22.109224828525488,22.109224828525488,0.0,0.3181084990501404,0.32340142130851746,0.35849013924598694,target_iz_local
2023-02-25,2023-03-04,U10,U10,S02001686,main,higher_education,0.010032651537941,22.109224828525488,22.109224828525488,0.0,0.3181084990501404,0.32340142130851746,0.35849013924598694,target_iz_local
2023-02-25,2023-03-04,U10,U10,S02001686,main,overcrowding,0.2873889264606314,22.109224828525488,22.109224828525488,0.0,0.3181084990501404,0.32340142130851746,0.35849013924598694,target_iz_local
2023-02-25,2023-03-04,U10,U10,S02001686,main,crime,0.3530809379759296,22.109224828525488,22.109224828525488,0.0,0.3181084990501404,0.32340142130851746,0.35849013924598694,target_iz_local
2023-02-25,2023-03-04,U10,U10,S02001686,main,public_transport_time_to_gp,1.0311881837390746,22.109224828525488,22.109224828525488,0.0,0.3181084990501404,0.32340142130851746,0.35849013924598694,target_iz_local
2023-02-25,2023-03-04,U10,U10,S02001686,location,location,1.0402063244865103,22.109224828525488,22.109224828525488,0.0,0.3181084990501404,0.32340142130851746,0.35849013924598694,target_iz_local
2023-02-25,2023-03-04,U10,U10,S02001686,location_interaction,location_x_income_deprivation,0.8274586495899081,22.109224828525488,22.109224828525488,0.0,0.3181084990501404,0.32340142130851746,0.35849013924598694,target_iz_local
2023-02-25,2023-03-04,U10,U10,S02001686,location_interaction,location_x_employment_deprivation,0.0690632876895703,22.109224828525488,22.109224828525488,0.0,0.3181084990501404,0.32340142130851746,0.35849013924598694,target_iz_local
2023-02-25,2023-03-04,U10,U10,S02001686,location_interaction,location_x_higher_education,-0.0040304762976526,22.109224828525488,22.109224828525488,0.0,0.3181084990501404,0.32340142130851746,0.35849013924598694,target_iz_local
2023-02-25,2023-03-04,U10,U10,S02001686,location_interaction,location_x_overcrowding,0.6281862633568867,22.109224828525488,22.109224828525488,0.0,0.3181084990501404,0.32340142130851746,0.35849013924598694,target_iz_local
2023-02-25,2023-03-04,U10,U10,S02001686,location_interaction,location_x_crime,-0.5254820290065961,22.109224828525488,22.109224828525488,0.0,0.3181084990501404,0.32340142130851746,0.35849013924598694,target_iz_local
2023-02-25,2023-03-04,U10,U10,S02001686,location_interaction,location_x_public_transport_time_to_gp,-0.7556325378872136,22.109224828525488,22.109224828525488,0.0,0.3181084990501404,0.32340142130851746,0.35849013924598694,target_iz_local
